timestamp,sensor_id,message,activity
2026-01-01 07:15:00,M001,ON,Wake_Up
2026-01-01 07:21:00,M003,ON,Bathroom
2026-01-01 07:50:00,M002,ON,Breakfast
2026-01-01 08:19:00,D001,OPEN,Leave_Home
2026-01-01 09:05:00,M003,ON,Daily_Activity
2026-01-01 09:42:00,M003,ON,Daily_Activity
2026-01-01 09:46:00,D001,OPEN,Daily_Activity
2026-01-01 09:48:00,M003,ON,Daily_Activity
2026-01-01 10:24:00,M004,ON,Daily_Activity
2026-01-01 10:35:00,M004,ON,Daily_Activity
2026-01-01 11:23:00,M004,ON,Daily_Activity
2026-01-01 12:14:00,M003,ON,Daily_Activity
2026-01-01 12:28:00,M004,ON,Daily_Activity
2026-01-01 12:32:00,M002,ON,Daily_Activity
2026-01-01 12:42:00,M004,ON,Daily_Activity
2026-01-01 13:05:00,M003,ON,Daily_Activity
2026-01-01 13:09:00,M003,ON,Daily_Activity
2026-01-01 14:06:00,M002,ON,Daily_Activity
2026-01-01 14:38:00,M004,ON,Daily_Activity
2026-01-01 15:06:00,M004,ON,Daily_Activity
2026-01-01 16:40:00,M004,ON,Daily_Activity
2026-01-01 17:07:00,D001,OPEN,Daily_Activity
2026-01-01 17:12:00,D001,OPEN,Daily_Activity
2026-01-01 18:12:00,M002,ON,Daily_Activity
2026-01-01 18:27:00,M002,ON,Daily_Activity
2026-01-01 19:39:00,M004,ON,Daily_Activity
2026-01-01 20:06:00,M002,ON,Daily_Activity
2026-01-01 20:27:00,M004,ON,Daily_Activity
2026-01-01 20:59:00,M002,ON,Daily_Activity
2026-01-01 21:39:00,M004,ON,Relax
2026-01-01 22:40:00,M001,ON,Sleep
2026-01-02 07:07:00,M001,ON,Wake_Up
2026-01-02 07:28:00,M003,ON,Bathroom
2026-01-02 07:53:00,M002,ON,Breakfast
2026-01-02 08:17:00,D001,OPEN,Leave_Home
2026-01-02 10:09:00,M003,ON,Daily_Activity
2026-01-02 10:13:00,M004,ON,Daily_Activity
2026-01-02 10:48:00,M002,ON,Daily_Activity
2026-01-02 11:16:00,M003,ON,Daily_Activity
2026-01-02 12:08:00,D001,OPEN,Daily_Activity
2026-01-02 12:41:00,D001,OPEN,Daily_Activity
2026-01-02 12:47:00,M004,ON,Daily_Activity
2026-01-02 12:52:00,M002,ON,Daily_Activity
2026-01-02 13:27:00,M003,ON,Daily_Activity
2026-01-02 14:25:00,M004,ON,Daily_Activity
2026-01-02 15:24:00,D001,OPEN,Daily_Activity
2026-01-02 15:56:00,D001,OPEN,Daily_Activity
2026-01-02 16:00:00,M004,ON,Daily_Activity
2026-01-02 16:24:00,M004,ON,Daily_Activity
2026-01-02 17:16:00,M002,ON,Daily_Activity
2026-01-02 17:48:00,M003,ON,Daily_Activity
2026-01-02 17:58:00,M002,ON,Daily_Activity
2026-01-02 18:25:00,M004,ON,Daily_Activity
2026-01-02 19:20:00,M002,ON,Daily_Activity
2026-01-02 19:21:00,M002,ON,Daily_Activity
2026-01-02 19:27:00,M002,ON,Daily_Activity
2026-01-02 19:44:00,M003,ON,Daily_Activity
2026-01-02 19:46:00,M002,ON,Daily_Activity
2026-01-02 19:56:00,M004,ON,Daily_Activity
2026-01-02 20:37:00,D001,OPEN,Daily_Activity
2026-01-02 21:40:00,M004,ON,Relax
2026-01-02 22:29:00,M001,ON,Sleep
2026-01-03 07:15:00,M001,ON,Wake_Up
2026-01-03 07:28:00,M003,ON,Bathroom
2026-01-03 07:59:00,M002,ON,Breakfast
2026-01-03 08:18:00,D001,OPEN,Leave_Home
2026-01-03 09:07:00,M004,ON,Daily_Activity
2026-01-03 10:15:00,M003,ON,Daily_Activity
2026-01-03 10:21:00,M002,ON,Daily_Activity
2026-01-03 10:45:00,M002,ON,Daily_Activity
2026-01-03 10:46:00,D001,OPEN,Daily_Activity
2026-01-03 10:48:00,M003,ON,Daily_Activity
2026-01-03 11:23:00,M003,ON,Daily_Activity
2026-01-03 11:42:00,D001,OPEN,Daily_Activity
2026-01-03 12:04:00,M002,ON,Daily_Activity
2026-01-03 12:34:00,M003,ON,Daily_Activity
2026-01-03 12:56:00,M002,ON,Daily_Activity
2026-01-03 12:59:00,M003,ON,Daily_Activity
2026-01-03 13:15:00,M002,ON,Daily_Activity
2026-01-03 13:42:00,D001,OPEN,Daily_Activity
2026-01-03 14:04:00,M003,ON,Daily_Activity
2026-01-03 16:57:00,D001,OPEN,Daily_Activity
2026-01-03 17:10:00,M004,ON,Daily_Activity
2026-01-03 17:49:00,M002,ON,Daily_Activity
2026-01-03 17:55:00,D001,OPEN,Daily_Activity
2026-01-03 18:14:00,M002,ON,Daily_Activity
2026-01-03 18:20:00,D001,OPEN,Daily_Activity
2026-01-03 18:35:00,M003,ON,Daily_Activity
2026-01-03 19:41:00,M004,ON,Daily_Activity
2026-01-03 20:19:00,D001,OPEN,Daily_Activity
2026-01-03 20:59:00,D001,OPEN,Daily_Activity
2026-01-03 21:27:00,M004,ON,Relax
2026-01-03 22:35:00,M001,ON,Sleep
2026-01-04 07:11:00,M001,ON,Wake_Up
2026-01-04 07:23:00,M003,ON,Bathroom
2026-01-04 07:51:00,M002,ON,Breakfast
2026-01-04 08:16:00,D001,OPEN,Leave_Home
2026-01-04 09:10:00,D001,OPEN,Daily_Activity
2026-01-04 09:24:00,M004,ON,Daily_Activity
2026-01-04 09:25:00,M004,ON,Daily_Activity
2026-01-04 09:32:00,M002,ON,Daily_Activity
2026-01-04 09:37:00,D001,OPEN,Daily_Activity
2026-01-04 09:41:00,M002,ON,Daily_Activity
2026-01-04 10:15:00,M003,ON,Daily_Activity
2026-01-04 10:28:00,M002,ON,Daily_Activity
2026-01-04 10:59:00,M003,ON,Daily_Activity
2026-01-04 11:04:00,M002,ON,Daily_Activity
2026-01-04 11:12:00,M004,ON,Daily_Activity
2026-01-04 11:26:00,D001,OPEN,Daily_Activity
2026-01-04 11:27:00,M003,ON,Daily_Activity
2026-01-04 12:03:00,M002,ON,Daily_Activity
2026-01-04 12:34:00,D001,OPEN,Daily_Activity
2026-01-04 13:29:00,M003,ON,Daily_Activity
2026-01-04 15:26:00,D001,OPEN,Daily_Activity
2026-01-04 16:13:00,D001,OPEN,Daily_Activity
2026-01-04 16:18:00,D001,OPEN,Daily_Activity
2026-01-04 17:58:00,M003,ON,Daily_Activity
2026-01-04 19:27:00,M004,ON,Daily_Activity
2026-01-04 19:55:00,M003,ON,Daily_Activity
2026-01-04 20:03:00,M002,ON,Daily_Activity
2026-01-04 20:20:00,M002,ON,Daily_Activity
2026-01-04 20:46:00,D001,OPEN,Daily_Activity
2026-01-04 21:32:00,M004,ON,Relax
2026-01-04 22:23:00,M001,ON,Sleep
2026-01-05 07:14:00,M001,ON,Wake_Up
2026-01-05 07:23:00,M003,ON,Bathroom
2026-01-05 07:59:00,M002,ON,Breakfast
2026-01-05 08:24:00,D001,OPEN,Leave_Home
2026-01-05 09:05:00,D001,OPEN,Daily_Activity
2026-01-05 09:29:00,M002,ON,Daily_Activity
2026-01-05 09:39:00,M002,ON,Daily_Activity
2026-01-05 10:34:00,M003,ON,Daily_Activity
2026-01-05 11:28:00,M004,ON,Daily_Activity
2026-01-05 11:42:00,M004,ON,Daily_Activity
2026-01-05 12:16:00,D001,OPEN,Daily_Activity
2026-01-05 12:23:00,M004,ON,Daily_Activity
2026-01-05 13:02:00,M002,ON,Daily_Activity
2026-01-05 13:07:00,M002,ON,Daily_Activity
2026-01-05 13:13:00,M004,ON,Daily_Activity
2026-01-05 13:18:00,M003,ON,Daily_Activity
2026-01-05 14:49:00,M003,ON,Daily_Activity
2026-01-05 14:56:00,M002,ON,Daily_Activity
2026-01-05 15:42:00,M004,ON,Daily_Activity
2026-01-05 16:20:00,M002,ON,Daily_Activity
2026-01-05 17:16:00,M003,ON,Daily_Activity
2026-01-05 17:31:00,M004,ON,Daily_Activity
2026-01-05 18:51:00,M002,ON,Daily_Activity
2026-01-05 19:06:00,M003,ON,Daily_Activity
2026-01-05 19:16:00,M003,ON,Daily_Activity
2026-01-05 19:40:00,M004,ON,Daily_Activity
2026-01-05 19:52:00,M004,ON,Daily_Activity
2026-01-05 20:21:00,M003,ON,Daily_Activity
2026-01-05 20:35:00,M003,ON,Daily_Activity
2026-01-05 21:34:00,M004,ON,Relax
2026-01-05 22:37:00,M001,ON,Sleep
2026-01-06 07:11:00,M001,ON,Wake_Up
2026-01-06 07:28:00,M003,ON,Bathroom
2026-01-06 07:50:00,M002,ON,Breakfast
2026-01-06 08:16:00,D001,OPEN,Leave_Home
2026-01-06 09:06:00,D001,OPEN,Daily_Activity
2026-01-06 09:07:00,M004,ON,Daily_Activity
2026-01-06 09:11:00,M004,ON,Daily_Activity
2026-01-06 10:56:00,M003,ON,Daily_Activity
2026-01-06 11:37:00,M004,ON,Daily_Activity
2026-01-06 11:56:00,D001,OPEN,Daily_Activity
2026-01-06 12:14:00,M002,ON,Daily_Activity
2026-01-06 12:55:00,M003,ON,Daily_Activity
2026-01-06 13:10:00,M002,ON,Daily_Activity
2026-01-06 13:22:00,D001,OPEN,Daily_Activity
2026-01-06 13:23:00,M002,ON,Daily_Activity
2026-01-06 14:13:00,M003,ON,Daily_Activity
2026-01-06 14:17:00,M002,ON,Daily_Activity
2026-01-06 15:08:00,M002,ON,Daily_Activity
2026-01-06 15:51:00,M003,ON,Daily_Activity
2026-01-06 15:55:00,M002,ON,Daily_Activity
2026-01-06 16:14:00,M003,ON,Daily_Activity
2026-01-06 16:22:00,M004,ON,Daily_Activity
2026-01-06 17:02:00,M004,ON,Daily_Activity
2026-01-06 17:56:00,D001,OPEN,Daily_Activity
2026-01-06 18:35:00,M003,ON,Daily_Activity
2026-01-06 18:47:00,M003,ON,Daily_Activity
2026-01-06 19:06:00,M004,ON,Daily_Activity
2026-01-06 19:12:00,D001,OPEN,Daily_Activity
2026-01-06 19:53:00,M004,ON,Daily_Activity
2026-01-06 21:31:00,M004,ON,Relax
2026-01-06 22:30:00,M001,ON,Sleep
2026-01-07 07:11:00,M001,ON,Wake_Up
2026-01-07 07:29:00,M003,ON,Bathroom
2026-01-07 07:58:00,M002,ON,Breakfast
2026-01-07 08:16:00,D001,OPEN,Leave_Home
2026-01-07 09:15:00,D001,OPEN,Daily_Activity
2026-01-07 09:33:00,M003,ON,Daily_Activity
2026-01-07 10:52:00,M003,ON,Daily_Activity
2026-01-07 12:09:00,M002,ON,Daily_Activity
2026-01-07 13:02:00,D001,OPEN,Daily_Activity
2026-01-07 13:18:00,M003,ON,Daily_Activity
2026-01-07 13:32:00,M004,ON,Daily_Activity
2026-01-07 14:25:00,M004,ON,Daily_Activity
2026-01-07 14:27:00,M002,ON,Daily_Activity
2026-01-07 15:35:00,M002,ON,Daily_Activity
2026-01-07 15:42:00,D001,OPEN,Daily_Activity
2026-01-07 15:50:00,M004,ON,Daily_Activity
2026-01-07 15:57:00,M003,ON,Daily_Activity
2026-01-07 16:28:00,D001,OPEN,Daily_Activity
2026-01-07 17:08:00,M003,ON,Daily_Activity
2026-01-07 17:19:00,D001,OPEN,Daily_Activity
2026-01-07 18:20:00,M002,ON,Daily_Activity
2026-01-07 18:36:00,M004,ON,Daily_Activity
2026-01-07 18:54:00,M002,ON,Daily_Activity
2026-01-07 19:13:00,D001,OPEN,Daily_Activity
2026-01-07 19:19:00,M003,ON,Daily_Activity
2026-01-07 19:47:00,M003,ON,Daily_Activity
2026-01-07 19:58:00,M004,ON,Daily_Activity
2026-01-07 20:10:00,M002,ON,Daily_Activity
2026-01-07 20:57:00,M004,ON,Daily_Activity
2026-01-07 21:34:00,M004,ON,Relax
2026-01-07 22:33:00,M001,ON,Sleep
2026-01-08 07:15:00,M001,ON,Wake_Up
2026-01-08 07:29:00,M003,ON,Bathroom
2026-01-08 07:53:00,M002,ON,Breakfast
2026-01-08 08:21:00,D001,OPEN,Leave_Home
2026-01-08 09:13:00,D001,OPEN,Daily_Activity
2026-01-08 09:22:00,M004,ON,Daily_Activity
2026-01-08 09:35:00,M003,ON,Daily_Activity
2026-01-08 10:29:00,M003,ON,Daily_Activity
2026-01-08 10:49:00,D001,OPEN,Daily_Activity
2026-01-08 11:09:00,M003,ON,Daily_Activity
2026-01-08 11:41:00,M002,ON,Daily_Activity
2026-01-08 12:11:00,D001,OPEN,Daily_Activity
2026-01-08 12:17:00,M004,ON,Daily_Activity
2026-01-08 14:57:00,M002,ON,Daily_Activity
2026-01-08 15:26:00,M004,ON,Daily_Activity
2026-01-08 15:44:00,M003,ON,Daily_Activity
2026-01-08 15:57:00,M002,ON,Daily_Activity
2026-01-08 16:04:00,M004,ON,Daily_Activity
2026-01-08 16:16:00,M003,ON,Daily_Activity
2026-01-08 16:25:00,M003,ON,Daily_Activity
2026-01-08 16:39:00,D001,OPEN,Daily_Activity
2026-01-08 16:42:00,M004,ON,Daily_Activity
2026-01-08 17:28:00,M003,ON,Daily_Activity
2026-01-08 17:29:00,D001,OPEN,Daily_Activity
2026-01-08 18:24:00,D001,OPEN,Daily_Activity
2026-01-08 19:15:00,M004,ON,Daily_Activity
2026-01-08 19:17:00,D001,OPEN,Daily_Activity
2026-01-08 20:13:00,M002,ON,Daily_Activity
2026-01-08 20:55:00,D001,OPEN,Daily_Activity
2026-01-08 21:32:00,M004,ON,Relax
2026-01-08 22:33:00,M001,ON,Sleep
2026-01-09 07:13:00,M001,ON,Wake_Up
2026-01-09 07:28:00,M003,ON,Bathroom
2026-01-09 07:59:00,M002,ON,Breakfast
2026-01-09 08:18:00,D001,OPEN,Leave_Home
2026-01-09 10:41:00,D001,OPEN,Daily_Activity
2026-01-09 11:03:00,M004,ON,Daily_Activity
2026-01-09 11:19:00,M002,ON,Daily_Activity
2026-01-09 11:30:00,M002,ON,Daily_Activity
2026-01-09 11:38:00,M002,ON,Daily_Activity
2026-01-09 11:39:00,M002,ON,Daily_Activity
2026-01-09 11:55:00,D001,OPEN,Daily_Activity
2026-01-09 12:12:00,M002,ON,Daily_Activity
2026-01-09 13:53:00,M002,ON,Daily_Activity
2026-01-09 14:14:00,M002,ON,Daily_Activity
2026-01-09 15:17:00,D001,OPEN,Daily_Activity
2026-01-09 15:20:00,M003,ON,Daily_Activity
2026-01-09 15:21:00,D001,OPEN,Daily_Activity
2026-01-09 15:31:00,M002,ON,Daily_Activity
2026-01-09 15:37:00,M002,ON,Daily_Activity
2026-01-09 16:01:00,M002,ON,Daily_Activity
2026-01-09 16:14:00,M004,ON,Daily_Activity
2026-01-09 16:20:00,M004,ON,Daily_Activity
2026-01-09 18:01:00,M004,ON,Daily_Activity
2026-01-09 18:09:00,M003,ON,Daily_Activity
2026-01-09 18:13:00,D001,OPEN,Daily_Activity
2026-01-09 18:43:00,D001,OPEN,Daily_Activity
2026-01-09 19:02:00,M002,ON,Daily_Activity
2026-01-09 20:10:00,D001,OPEN,Daily_Activity
2026-01-09 20:16:00,M004,ON,Daily_Activity
2026-01-09 21:32:00,M004,ON,Relax
2026-01-09 22:26:00,M001,ON,Sleep
2026-01-10 07:06:00,M001,ON,Wake_Up
2026-01-10 07:29:00,M003,ON,Bathroom
2026-01-10 08:00:00,M002,ON,Breakfast
2026-01-10 08:18:00,D001,OPEN,Leave_Home
2026-01-10 09:54:00,D001,OPEN,Daily_Activity
2026-01-10 10:15:00,D001,OPEN,Daily_Activity
2026-01-10 10:17:00,D001,OPEN,Daily_Activity
2026-01-10 10:44:00,M004,ON,Daily_Activity
2026-01-10 11:46:00,M004,ON,Daily_Activity
2026-01-10 12:22:00,M004,ON,Daily_Activity
2026-01-10 12:48:00,D001,OPEN,Daily_Activity
2026-01-10 14:01:00,D001,OPEN,Daily_Activity
2026-01-10 14:11:00,D001,OPEN,Daily_Activity
2026-01-10 14:17:00,M004,ON,Daily_Activity
2026-01-10 14:34:00,D001,OPEN,Daily_Activity
2026-01-10 14:40:00,D001,OPEN,Daily_Activity
2026-01-10 14:54:00,M003,ON,Daily_Activity
2026-01-10 16:06:00,D001,OPEN,Daily_Activity
2026-01-10 16:27:00,M004,ON,Daily_Activity
2026-01-10 16:35:00,M003,ON,Daily_Activity
2026-01-10 17:00:00,M003,ON,Daily_Activity
2026-01-10 17:41:00,M004,ON,Daily_Activity
2026-01-10 18:39:00,D001,OPEN,Daily_Activity
2026-01-10 18:50:00,M002,ON,Daily_Activity
2026-01-10 18:51:00,D001,OPEN,Daily_Activity
2026-01-10 19:23:00,M002,ON,Daily_Activity
2026-01-10 19:38:00,M002,ON,Daily_Activity
2026-01-10 20:09:00,D001,OPEN,Daily_Activity
2026-01-10 20:30:00,D001,OPEN,Daily_Activity
2026-01-10 21:34:00,M004,ON,Relax
2026-01-10 22:20:00,M001,ON,Sleep
2026-01-11 07:06:00,M001,ON,Wake_Up
2026-01-11 07:24:00,M003,ON,Bathroom
2026-01-11 07:53:00,M002,ON,Breakfast
2026-01-11 08:21:00,D001,OPEN,Leave_Home
2026-01-11 10:53:00,M003,ON,Daily_Activity
2026-01-11 10:55:00,M002,ON,Daily_Activity
2026-01-11 11:03:00,M004,ON,Daily_Activity
2026-01-11 11:09:00,M004,ON,Daily_Activity
2026-01-11 11:19:00,M002,ON,Daily_Activity
2026-01-11 12:07:00,M003,ON,Daily_Activity
2026-01-11 12:13:00,D001,OPEN,Daily_Activity
2026-01-11 13:02:00,M002,ON,Daily_Activity
2026-01-11 13:14:00,M004,ON,Daily_Activity
2026-01-11 13:19:00,M004,ON,Daily_Activity
2026-01-11 13:46:00,M004,ON,Daily_Activity
2026-01-11 14:07:00,M003,ON,Daily_Activity
2026-01-11 14:44:00,D001,OPEN,Daily_Activity
2026-01-11 15:31:00,M002,ON,Daily_Activity
2026-01-11 15:47:00,M004,ON,Daily_Activity
2026-01-11 16:07:00,M002,ON,Daily_Activity
2026-01-11 16:28:00,M004,ON,Daily_Activity
2026-01-11 16:35:00,M004,ON,Daily_Activity
2026-01-11 17:18:00,M003,ON,Daily_Activity
2026-01-11 18:18:00,D001,OPEN,Daily_Activity
2026-01-11 18:40:00,M002,ON,Daily_Activity
2026-01-11 19:37:00,M004,ON,Daily_Activity
2026-01-11 19:55:00,D001,OPEN,Daily_Activity
2026-01-11 20:15:00,M004,ON,Daily_Activity
2026-01-11 20:34:00,M003,ON,Daily_Activity
2026-01-11 21:22:00,M004,ON,Relax
2026-01-11 22:27:00,M001,ON,Sleep
2026-01-12 07:06:00,M001,ON,Wake_Up
2026-01-12 07:28:00,M003,ON,Bathroom
2026-01-12 07:56:00,M002,ON,Breakfast
2026-01-12 08:24:00,D001,OPEN,Leave_Home
2026-01-12 09:26:00,D001,OPEN,Daily_Activity
2026-01-12 10:43:00,M003,ON,Daily_Activity
2026-01-12 11:04:00,M002,ON,Daily_Activity
2026-01-12 11:15:00,M003,ON,Daily_Activity
2026-01-12 11:50:00,M004,ON,Daily_Activity
2026-01-12 12:40:00,M003,ON,Daily_Activity
2026-01-12 13:02:00,M003,ON,Daily_Activity
2026-01-12 13:32:00,D001,OPEN,Daily_Activity
2026-01-12 13:36:00,M002,ON,Daily_Activity
2026-01-12 13:42:00,M002,ON,Daily_Activity
2026-01-12 13:45:00,M004,ON,Daily_Activity
2026-01-12 13:50:00,M003,ON,Daily_Activity
2026-01-12 15:07:00,M003,ON,Daily_Activity
2026-01-12 16:05:00,M002,ON,Daily_Activity
2026-01-12 16:07:00,D001,OPEN,Daily_Activity
2026-01-12 16:19:00,D001,OPEN,Daily_Activity
2026-01-12 17:04:00,M003,ON,Daily_Activity
2026-01-12 17:24:00,D001,OPEN,Daily_Activity
2026-01-12 18:47:00,M002,ON,Daily_Activity
2026-01-12 18:47:00,M004,ON,Daily_Activity
2026-01-12 18:50:00,M003,ON,Daily_Activity
2026-01-12 19:09:00,M004,ON,Daily_Activity
2026-01-12 20:19:00,D001,OPEN,Daily_Activity
2026-01-12 20:38:00,D001,OPEN,Daily_Activity
2026-01-12 20:55:00,D001,OPEN,Daily_Activity
2026-01-12 21:33:00,M004,ON,Relax
2026-01-12 22:30:00,M001,ON,Sleep
2026-01-13 07:14:00,M001,ON,Wake_Up
2026-01-13 07:24:00,M003,ON,Bathroom
2026-01-13 07:50:00,M002,ON,Breakfast
2026-01-13 08:16:00,D001,OPEN,Leave_Home
2026-01-13 10:01:00,M003,ON,Daily_Activity
2026-01-13 10:14:00,M002,ON,Daily_Activity
2026-01-13 10:20:00,M004,ON,Daily_Activity
2026-01-13 10:30:00,M004,ON,Daily_Activity
2026-01-13 12:17:00,M003,ON,Daily_Activity
2026-01-13 12:43:00,M002,ON,Daily_Activity
2026-01-13 13:11:00,D001,OPEN,Daily_Activity
2026-01-13 13:28:00,D001,OPEN,Daily_Activity
2026-01-13 13:42:00,D001,OPEN,Daily_Activity
2026-01-13 14:07:00,D001,OPEN,Daily_Activity
2026-01-13 14:26:00,D001,OPEN,Daily_Activity
2026-01-13 15:03:00,M003,ON,Daily_Activity
2026-01-13 15:21:00,M004,ON,Daily_Activity
2026-01-13 16:33:00,D001,OPEN,Daily_Activity
2026-01-13 17:00:00,D001,OPEN,Daily_Activity
2026-01-13 17:02:00,D001,OPEN,Daily_Activity
2026-01-13 17:23:00,D001,OPEN,Daily_Activity
2026-01-13 17:52:00,M002,ON,Daily_Activity
2026-01-13 18:02:00,M003,ON,Daily_Activity
2026-01-13 19:06:00,M003,ON,Daily_Activity
2026-01-13 19:28:00,M002,ON,Daily_Activity
2026-01-13 19:52:00,D001,OPEN,Daily_Activity
2026-01-13 19:52:00,M004,ON,Daily_Activity
2026-01-13 19:55:00,D001,OPEN,Daily_Activity
2026-01-13 20:10:00,M004,ON,Daily_Activity
2026-01-13 21:34:00,M004,ON,Relax
2026-01-13 22:23:00,M001,ON,Sleep
2026-01-14 07:15:00,M001,ON,Wake_Up
2026-01-14 07:22:00,M003,ON,Bathroom
2026-01-14 07:57:00,M002,ON,Breakfast
2026-01-14 08:19:00,D001,OPEN,Leave_Home
2026-01-14 09:18:00,M004,ON,Daily_Activity
2026-01-14 09:46:00,M003,ON,Daily_Activity
2026-01-14 10:17:00,D001,OPEN,Daily_Activity
2026-01-14 10:30:00,M004,ON,Daily_Activity
2026-01-14 10:33:00,D001,OPEN,Daily_Activity
2026-01-14 10:55:00,D001,OPEN,Daily_Activity
2026-01-14 11:28:00,D001,OPEN,Daily_Activity
2026-01-14 12:44:00,M003,ON,Daily_Activity
2026-01-14 12:58:00,M003,ON,Daily_Activity
2026-01-14 14:21:00,D001,OPEN,Daily_Activity
2026-01-14 14:39:00,D001,OPEN,Daily_Activity
2026-01-14 14:59:00,M004,ON,Daily_Activity
2026-01-14 15:02:00,M004,ON,Daily_Activity
2026-01-14 15:42:00,M003,ON,Daily_Activity
2026-01-14 15:53:00,D001,OPEN,Daily_Activity
2026-01-14 15:55:00,M003,ON,Daily_Activity
2026-01-14 16:02:00,M003,ON,Daily_Activity
2026-01-14 16:15:00,D001,OPEN,Daily_Activity
2026-01-14 16:59:00,M004,ON,Daily_Activity
2026-01-14 17:09:00,D001,OPEN,Daily_Activity
2026-01-14 17:37:00,M004,ON,Daily_Activity
2026-01-14 17:45:00,M004,ON,Daily_Activity
2026-01-14 18:24:00,M003,ON,Daily_Activity
2026-01-14 18:37:00,D001,OPEN,Daily_Activity
2026-01-14 20:30:00,D001,OPEN,Daily_Activity
2026-01-14 21:40:00,M004,ON,Relax
2026-01-14 22:22:00,M001,ON,Sleep
2026-01-15 07:10:00,M001,ON,Wake_Up
2026-01-15 07:30:00,M003,ON,Bathroom
2026-01-15 07:58:00,M002,ON,Breakfast
2026-01-15 08:21:00,D001,OPEN,Leave_Home
2026-01-15 09:02:00,M004,ON,Daily_Activity
2026-01-15 09:18:00,M004,ON,Daily_Activity
2026-01-15 10:28:00,M004,ON,Daily_Activity
2026-01-15 11:11:00,M002,ON,Daily_Activity
2026-01-15 12:29:00,M004,ON,Daily_Activity
2026-01-15 12:33:00,D001,OPEN,Daily_Activity
2026-01-15 12:40:00,M004,ON,Daily_Activity
2026-01-15 12:47:00,M002,ON,Daily_Activity
2026-01-15 13:12:00,D001,OPEN,Daily_Activity
2026-01-15 14:27:00,M003,ON,Daily_Activity
2026-01-15 14:40:00,D001,OPEN,Daily_Activity
2026-01-15 15:06:00,M002,ON,Daily_Activity
2026-01-15 15:36:00,M004,ON,Daily_Activity
2026-01-15 16:06:00,M003,ON,Daily_Activity
2026-01-15 16:10:00,M004,ON,Daily_Activity
2026-01-15 16:16:00,M002,ON,Daily_Activity
2026-01-15 16:57:00,M004,ON,Daily_Activity
2026-01-15 16:58:00,M003,ON,Daily_Activity
2026-01-15 17:02:00,M002,ON,Daily_Activity
2026-01-15 18:19:00,D001,OPEN,Daily_Activity
2026-01-15 18:43:00,M003,ON,Daily_Activity
2026-01-15 18:43:00,M003,ON,Daily_Activity
2026-01-15 18:55:00,D001,OPEN,Daily_Activity
2026-01-15 19:34:00,M003,ON,Daily_Activity
2026-01-15 20:16:00,D001,OPEN,Daily_Activity
2026-01-15 21:38:00,M004,ON,Relax
2026-01-15 22:29:00,M001,ON,Sleep
2026-01-16 07:09:00,M001,ON,Wake_Up
2026-01-16 07:20:00,M003,ON,Bathroom
2026-01-16 08:00:00,M002,ON,Breakfast
2026-01-16 08:21:00,D001,OPEN,Leave_Home
2026-01-16 09:37:00,M004,ON,Daily_Activity
2026-01-16 10:29:00,M002,ON,Daily_Activity
2026-01-16 10:43:00,M003,ON,Daily_Activity
2026-01-16 11:12:00,M003,ON,Daily_Activity
2026-01-16 11:16:00,D001,OPEN,Daily_Activity
2026-01-16 11:48:00,M003,ON,Daily_Activity
2026-01-16 12:40:00,M003,ON,Daily_Activity
2026-01-16 13:00:00,M002,ON,Daily_Activity
2026-01-16 13:20:00,D001,OPEN,Daily_Activity
2026-01-16 13:47:00,M004,ON,Daily_Activity
2026-01-16 13:49:00,M003,ON,Daily_Activity
2026-01-16 13:50:00,D001,OPEN,Daily_Activity
2026-01-16 14:43:00,M004,ON,Daily_Activity
2026-01-16 15:00:00,M004,ON,Daily_Activity
2026-01-16 17:07:00,D001,OPEN,Daily_Activity
2026-01-16 17:23:00,M002,ON,Daily_Activity
2026-01-16 17:32:00,M004,ON,Daily_Activity
2026-01-16 17:56:00,M004,ON,Daily_Activity
2026-01-16 18:16:00,M003,ON,Daily_Activity
2026-01-16 18:24:00,M004,ON,Daily_Activity
2026-01-16 18:47:00,D001,OPEN,Daily_Activity
2026-01-16 18:51:00,M004,ON,Daily_Activity
2026-01-16 19:06:00,M002,ON,Daily_Activity
2026-01-16 19:46:00,D001,OPEN,Daily_Activity
2026-01-16 20:08:00,M002,ON,Daily_Activity
2026-01-16 21:35:00,M004,ON,Relax
2026-01-16 22:20:00,M001,ON,Sleep
2026-01-17 07:14:00,M001,ON,Wake_Up
2026-01-17 07:28:00,M003,ON,Bathroom
2026-01-17 07:55:00,M002,ON,Breakfast
2026-01-17 08:24:00,D001,OPEN,Leave_Home
2026-01-17 09:19:00,D001,OPEN,Daily_Activity
2026-01-17 09:25:00,M004,ON,Daily_Activity
2026-01-17 09:50:00,M004,ON,Daily_Activity
2026-01-17 10:06:00,M003,ON,Daily_Activity
2026-01-17 10:08:00,M002,ON,Daily_Activity
2026-01-17 10:42:00,M003,ON,Daily_Activity
2026-01-17 10:43:00,M004,ON,Daily_Activity
2026-01-17 10:53:00,M003,ON,Daily_Activity
2026-01-17 12:07:00,D001,OPEN,Daily_Activity
2026-01-17 12:08:00,M003,ON,Daily_Activity
2026-01-17 12:28:00,D001,OPEN,Daily_Activity
2026-01-17 12:41:00,M002,ON,Daily_Activity
2026-01-17 12:54:00,M004,ON,Daily_Activity
2026-01-17 13:02:00,M004,ON,Daily_Activity
2026-01-17 14:49:00,M003,ON,Daily_Activity
2026-01-17 15:41:00,M002,ON,Daily_Activity
2026-01-17 16:23:00,D001,OPEN,Daily_Activity
2026-01-17 16:39:00,D001,OPEN,Daily_Activity
2026-01-17 17:08:00,D001,OPEN,Daily_Activity
2026-01-17 17:57:00,M004,ON,Daily_Activity
2026-01-17 18:13:00,M003,ON,Daily_Activity
2026-01-17 18:47:00,M003,ON,Daily_Activity
2026-01-17 19:40:00,M002,ON,Daily_Activity
2026-01-17 19:52:00,D001,OPEN,Daily_Activity
2026-01-17 20:19:00,D001,OPEN,Daily_Activity
2026-01-17 21:39:00,M004,ON,Relax
2026-01-17 22:20:00,M001,ON,Sleep
2026-01-18 07:09:00,M001,ON,Wake_Up
2026-01-18 07:22:00,M003,ON,Bathroom
2026-01-18 07:52:00,M002,ON,Breakfast
2026-01-18 08:23:00,D001,OPEN,Leave_Home
2026-01-18 09:08:00,D001,OPEN,Daily_Activity
2026-01-18 09:11:00,M004,ON,Daily_Activity
2026-01-18 09:30:00,D001,OPEN,Daily_Activity
2026-01-18 10:08:00,M004,ON,Daily_Activity
2026-01-18 10:42:00,M002,ON,Daily_Activity
2026-01-18 10:50:00,M002,ON,Daily_Activity
2026-01-18 10:57:00,M002,ON,Daily_Activity
2026-01-18 11:00:00,M004,ON,Daily_Activity
2026-01-18 12:37:00,M004,ON,Daily_Activity
2026-01-18 13:51:00,M003,ON,Daily_Activity
2026-01-18 14:38:00,M003,ON,Daily_Activity
2026-01-18 15:21:00,D001,OPEN,Daily_Activity
2026-01-18 15:28:00,M003,ON,Daily_Activity
2026-01-18 15:38:00,M004,ON,Daily_Activity
2026-01-18 15:43:00,M002,ON,Daily_Activity
2026-01-18 16:28:00,M004,ON,Daily_Activity
2026-01-18 16:32:00,M003,ON,Daily_Activity
2026-01-18 16:32:00,D001,OPEN,Daily_Activity
2026-01-18 16:41:00,M002,ON,Daily_Activity
2026-01-18 16:45:00,D001,OPEN,Daily_Activity
2026-01-18 17:07:00,M002,ON,Daily_Activity
2026-01-18 17:37:00,M002,ON,Daily_Activity
2026-01-18 18:02:00,M004,ON,Daily_Activity
2026-01-18 18:40:00,M004,ON,Daily_Activity
2026-01-18 19:41:00,M003,ON,Daily_Activity
2026-01-18 21:32:00,M004,ON,Relax
2026-01-18 22:33:00,M001,ON,Sleep
2026-01-19 07:06:00,M001,ON,Wake_Up
2026-01-19 07:25:00,M003,ON,Bathroom
2026-01-19 07:56:00,M002,ON,Breakfast
2026-01-19 08:20:00,D001,OPEN,Leave_Home
2026-01-19 09:11:00,M004,ON,Daily_Activity
2026-01-19 10:05:00,M002,ON,Daily_Activity
2026-01-19 10:09:00,M002,ON,Daily_Activity
2026-01-19 10:27:00,M002,ON,Daily_Activity
2026-01-19 10:36:00,M003,ON,Daily_Activity
2026-01-19 10:48:00,M004,ON,Daily_Activity
2026-01-19 11:35:00,M002,ON,Daily_Activity
2026-01-19 11:42:00,D001,OPEN,Daily_Activity
2026-01-19 11:43:00,D001,OPEN,Daily_Activity
2026-01-19 11:55:00,M003,ON,Daily_Activity
2026-01-19 12:54:00,M002,ON,Daily_Activity
2026-01-19 14:22:00,M002,ON,Daily_Activity
2026-01-19 14:54:00,M004,ON,Daily_Activity
2026-01-19 14:55:00,D001,OPEN,Daily_Activity
2026-01-19 17:49:00,M002,ON,Daily_Activity
2026-01-19 18:14:00,D001,OPEN,Daily_Activity
2026-01-19 18:19:00,M004,ON,Daily_Activity
2026-01-19 18:35:00,M004,ON,Daily_Activity
2026-01-19 18:42:00,D001,OPEN,Daily_Activity
2026-01-19 18:59:00,M004,ON,Daily_Activity
2026-01-19 19:07:00,D001,OPEN,Daily_Activity
2026-01-19 19:16:00,M004,ON,Daily_Activity
2026-01-19 20:03:00,M004,ON,Daily_Activity
2026-01-19 20:47:00,M004,ON,Daily_Activity
2026-01-19 20:48:00,M004,ON,Daily_Activity
2026-01-19 21:22:00,M004,ON,Relax
2026-01-19 22:36:00,M001,ON,Sleep
2026-01-20 07:08:00,M001,ON,Wake_Up
2026-01-20 07:26:00,M003,ON,Bathroom
2026-01-20 07:56:00,M002,ON,Breakfast
2026-01-20 08:22:00,D001,OPEN,Leave_Home
2026-01-20 09:09:00,M003,ON,Daily_Activity
2026-01-20 09:14:00,D001,OPEN,Daily_Activity
2026-01-20 09:31:00,D001,OPEN,Daily_Activity
2026-01-20 10:25:00,M002,ON,Daily_Activity
2026-01-20 10:55:00,M004,ON,Daily_Activity
2026-01-20 11:08:00,D001,OPEN,Daily_Activity
2026-01-20 11:48:00,M004,ON,Daily_Activity
2026-01-20 12:19:00,M003,ON,Daily_Activity
2026-01-20 13:20:00,M002,ON,Daily_Activity
2026-01-20 13:28:00,D001,OPEN,Daily_Activity
2026-01-20 13:46:00,M004,ON,Daily_Activity
2026-01-20 14:10:00,M004,ON,Daily_Activity
2026-01-20 15:01:00,D001,OPEN,Daily_Activity
2026-01-20 15:07:00,M004,ON,Daily_Activity
2026-01-20 15:17:00,M003,ON,Daily_Activity
2026-01-20 16:38:00,D001,OPEN,Daily_Activity
2026-01-20 17:07:00,M004,ON,Daily_Activity
2026-01-20 17:35:00,M004,ON,Daily_Activity
2026-01-20 17:42:00,M004,ON,Daily_Activity
2026-01-20 17:45:00,M003,ON,Daily_Activity
2026-01-20 18:03:00,M002,ON,Daily_Activity
2026-01-20 18:03:00,M002,ON,Daily_Activity
2026-01-20 18:27:00,D001,OPEN,Daily_Activity
2026-01-20 18:38:00,M002,ON,Daily_Activity
2026-01-20 19:43:00,D001,OPEN,Daily_Activity
2026-01-20 21:40:00,M004,ON,Relax
2026-01-20 22:33:00,M001,ON,Sleep
2026-01-21 07:09:00,M001,ON,Wake_Up
2026-01-21 07:21:00,M003,ON,Bathroom
2026-01-21 07:56:00,M002,ON,Breakfast
2026-01-21 08:15:00,D001,OPEN,Leave_Home
2026-01-21 09:03:00,M004,ON,Daily_Activity
2026-01-21 10:27:00,M002,ON,Daily_Activity
2026-01-21 10:32:00,M002,ON,Daily_Activity
2026-01-21 11:49:00,D001,OPEN,Daily_Activity
2026-01-21 12:06:00,M003,ON,Daily_Activity
2026-01-21 12:21:00,M003,ON,Daily_Activity
2026-01-21 12:27:00,D001,OPEN,Daily_Activity
2026-01-21 13:04:00,M002,ON,Daily_Activity
2026-01-21 13:12:00,M003,ON,Daily_Activity
2026-01-21 13:29:00,D001,OPEN,Daily_Activity
2026-01-21 13:37:00,M002,ON,Daily_Activity
2026-01-21 13:47:00,M004,ON,Daily_Activity
2026-01-21 14:10:00,D001,OPEN,Daily_Activity
2026-01-21 14:22:00,M003,ON,Daily_Activity
2026-01-21 14:32:00,M002,ON,Daily_Activity
2026-01-21 16:04:00,D001,OPEN,Daily_Activity
2026-01-21 16:40:00,M004,ON,Daily_Activity
2026-01-21 16:48:00,D001,OPEN,Daily_Activity
2026-01-21 17:05:00,D001,OPEN,Daily_Activity
2026-01-21 17:32:00,M003,ON,Daily_Activity
2026-01-21 18:09:00,M002,ON,Daily_Activity
2026-01-21 18:38:00,D001,OPEN,Daily_Activity
2026-01-21 19:20:00,M003,ON,Daily_Activity
2026-01-21 19:59:00,M004,ON,Daily_Activity
2026-01-21 20:58:00,M004,ON,Daily_Activity
2026-01-21 21:34:00,M004,ON,Relax
2026-01-21 22:38:00,M001,ON,Sleep
2026-01-22 07:13:00,M001,ON,Wake_Up
2026-01-22 07:20:00,M003,ON,Bathroom
2026-01-22 07:57:00,M002,ON,Breakfast
2026-01-22 08:24:00,D001,OPEN,Leave_Home
2026-01-22 09:15:00,D001,OPEN,Daily_Activity
2026-01-22 09:28:00,M002,ON,Daily_Activity
2026-01-22 10:21:00,M002,ON,Daily_Activity
2026-01-22 11:38:00,M002,ON,Daily_Activity
2026-01-22 11:42:00,M002,ON,Daily_Activity
2026-01-22 12:14:00,M003,ON,Daily_Activity
2026-01-22 12:21:00,D001,OPEN,Daily_Activity
2026-01-22 13:16:00,M003,ON,Daily_Activity
2026-01-22 13:35:00,D001,OPEN,Daily_Activity
2026-01-22 14:05:00,M003,ON,Daily_Activity
2026-01-22 14:19:00,M003,ON,Daily_Activity
2026-01-22 14:19:00,D001,OPEN,Daily_Activity
2026-01-22 14:23:00,M004,ON,Daily_Activity
2026-01-22 14:45:00,M002,ON,Daily_Activity
2026-01-22 15:26:00,M004,ON,Daily_Activity
2026-01-22 16:33:00,M003,ON,Daily_Activity
2026-01-22 17:23:00,M002,ON,Daily_Activity
2026-01-22 17:41:00,M003,ON,Daily_Activity
2026-01-22 17:43:00,D001,OPEN,Daily_Activity
2026-01-22 18:30:00,M003,ON,Daily_Activity
2026-01-22 19:12:00,M004,ON,Daily_Activity
2026-01-22 19:38:00,M002,ON,Daily_Activity
2026-01-22 19:41:00,M004,ON,Daily_Activity
2026-01-22 19:42:00,D001,OPEN,Daily_Activity
2026-01-22 19:50:00,M004,ON,Daily_Activity
2026-01-22 21:24:00,M004,ON,Relax
2026-01-22 22:22:00,M001,ON,Sleep
2026-01-23 07:09:00,M001,ON,Wake_Up
2026-01-23 07:21:00,M003,ON,Bathroom
2026-01-23 07:58:00,M002,ON,Breakfast
2026-01-23 08:23:00,D001,OPEN,Leave_Home
2026-01-23 09:26:00,M002,ON,Daily_Activity
2026-01-23 09:41:00,D001,OPEN,Daily_Activity
2026-01-23 11:11:00,M003,ON,Daily_Activity
2026-01-23 11:52:00,M003,ON,Daily_Activity
2026-01-23 12:23:00,D001,OPEN,Daily_Activity
2026-01-23 12:24:00,M002,ON,Daily_Activity
2026-01-23 12:34:00,M003,ON,Daily_Activity
2026-01-23 13:05:00,M003,ON,Daily_Activity
2026-01-23 13:28:00,M003,ON,Daily_Activity
2026-01-23 13:51:00,D001,OPEN,Daily_Activity
2026-01-23 14:35:00,M002,ON,Daily_Activity
2026-01-23 15:05:00,M003,ON,Daily_Activity
2026-01-23 15:23:00,M003,ON,Daily_Activity
2026-01-23 15:32:00,D001,OPEN,Daily_Activity
2026-01-23 15:32:00,M004,ON,Daily_Activity
2026-01-23 16:39:00,M004,ON,Daily_Activity
2026-01-23 16:49:00,M004,ON,Daily_Activity
2026-01-23 16:56:00,M004,ON,Daily_Activity
2026-01-23 18:08:00,M004,ON,Daily_Activity
2026-01-23 18:24:00,M003,ON,Daily_Activity
2026-01-23 19:21:00,M003,ON,Daily_Activity
2026-01-23 20:28:00,M002,ON,Daily_Activity
2026-01-23 20:50:00,D001,OPEN,Daily_Activity
2026-01-23 20:54:00,M002,ON,Daily_Activity
2026-01-23 20:56:00,M002,ON,Daily_Activity
2026-01-23 21:31:00,M004,ON,Relax
2026-01-23 22:27:00,M001,ON,Sleep
2026-01-24 07:05:00,M001,ON,Wake_Up
2026-01-24 07:25:00,M003,ON,Bathroom
2026-01-24 07:51:00,M002,ON,Breakfast
2026-01-24 08:25:00,D001,OPEN,Leave_Home
2026-01-24 09:15:00,D001,OPEN,Daily_Activity
2026-01-24 09:16:00,M003,ON,Daily_Activity
2026-01-24 09:40:00,D001,OPEN,Daily_Activity
2026-01-24 10:07:00,D001,OPEN,Daily_Activity
2026-01-24 10:49:00,M004,ON,Daily_Activity
2026-01-24 11:02:00,M004,ON,Daily_Activity
2026-01-24 11:35:00,D001,OPEN,Daily_Activity
2026-01-24 11:42:00,M002,ON,Daily_Activity
2026-01-24 12:19:00,M002,ON,Daily_Activity
2026-01-24 12:36:00,D001,OPEN,Daily_Activity
2026-01-24 14:15:00,M002,ON,Daily_Activity
2026-01-24 14:16:00,M002,ON,Daily_Activity
2026-01-24 14:50:00,M003,ON,Daily_Activity
2026-01-24 14:50:00,M002,ON,Daily_Activity
2026-01-24 15:00:00,M004,ON,Daily_Activity
2026-01-24 15:55:00,D001,OPEN,Daily_Activity
2026-01-24 16:44:00,M003,ON,Daily_Activity
2026-01-24 17:23:00,M002,ON,Daily_Activity
2026-01-24 17:34:00,M002,ON,Daily_Activity
2026-01-24 18:00:00,M002,ON,Daily_Activity
2026-01-24 18:34:00,M002,ON,Daily_Activity
2026-01-24 19:32:00,M003,ON,Daily_Activity
2026-01-24 19:50:00,D001,OPEN,Daily_Activity
2026-01-24 20:09:00,M004,ON,Daily_Activity
2026-01-24 20:30:00,D001,OPEN,Daily_Activity
2026-01-24 21:38:00,M004,ON,Relax
2026-01-24 22:30:00,M001,ON,Sleep
2026-01-25 07:07:00,M001,ON,Wake_Up
2026-01-25 07:20:00,M003,ON,Bathroom
2026-01-25 07:55:00,M002,ON,Breakfast
2026-01-25 08:23:00,D001,OPEN,Leave_Home
2026-01-25 09:18:00,M003,ON,Daily_Activity
2026-01-25 09:20:00,M004,ON,Daily_Activity
2026-01-25 09:50:00,M003,ON,Daily_Activity
2026-01-25 10:05:00,M004,ON,Daily_Activity
2026-01-25 10:45:00,D001,OPEN,Daily_Activity
2026-01-25 10:51:00,M004,ON,Daily_Activity
2026-01-25 11:44:00,D001,OPEN,Daily_Activity
2026-01-25 13:02:00,M003,ON,Daily_Activity
2026-01-25 13:22:00,M002,ON,Daily_Activity
2026-01-25 14:11:00,D001,OPEN,Daily_Activity
2026-01-25 14:28:00,M002,ON,Daily_Activity
2026-01-25 14:52:00,M003,ON,Daily_Activity
2026-01-25 15:38:00,M003,ON,Daily_Activity
2026-01-25 15:56:00,D001,OPEN,Daily_Activity
2026-01-25 16:38:00,D001,OPEN,Daily_Activity
2026-01-25 17:17:00,M002,ON,Daily_Activity
2026-01-25 17:18:00,M004,ON,Daily_Activity
2026-01-25 17:25:00,D001,OPEN,Daily_Activity
2026-01-25 19:11:00,M003,ON,Daily_Activity
2026-01-25 19:18:00,M004,ON,Daily_Activity
2026-01-25 19:21:00,M004,ON,Daily_Activity
2026-01-25 19:29:00,D001,OPEN,Daily_Activity
2026-01-25 20:27:00,M002,ON,Daily_Activity
2026-01-25 20:28:00,D001,OPEN,Daily_Activity
2026-01-25 20:31:00,M004,ON,Daily_Activity
2026-01-25 21:31:00,M004,ON,Relax
2026-01-25 22:39:00,M001,ON,Sleep
2026-01-26 07:11:00,M001,ON,Wake_Up
2026-01-26 07:24:00,M003,ON,Bathroom
2026-01-26 08:00:00,M002,ON,Breakfast
2026-01-26 08:15:00,D001,OPEN,Leave_Home
2026-01-26 09:08:00,M002,ON,Daily_Activity
2026-01-26 09:09:00,D001,OPEN,Daily_Activity
2026-01-26 10:28:00,M003,ON,Daily_Activity
2026-01-26 10:36:00,M003,ON,Daily_Activity
2026-01-26 10:42:00,D001,OPEN,Daily_Activity
2026-01-26 12:07:00,M003,ON,Daily_Activity
2026-01-26 12:07:00,M002,ON,Daily_Activity
2026-01-26 12:49:00,M004,ON,Daily_Activity
2026-01-26 13:49:00,M004,ON,Daily_Activity
2026-01-26 13:54:00,M003,ON,Daily_Activity
2026-01-26 14:23:00,D001,OPEN,Daily_Activity
2026-01-26 14:24:00,M002,ON,Daily_Activity
2026-01-26 14:32:00,M003,ON,Daily_Activity
2026-01-26 14:41:00,M004,ON,Daily_Activity
2026-01-26 17:23:00,D001,OPEN,Daily_Activity
2026-01-26 17:24:00,M002,ON,Daily_Activity
2026-01-26 17:34:00,M004,ON,Daily_Activity
2026-01-26 18:09:00,D001,OPEN,Daily_Activity
2026-01-26 18:18:00,D001,OPEN,Daily_Activity
2026-01-26 19:22:00,M002,ON,Daily_Activity
2026-01-26 19:54:00,M004,ON,Daily_Activity
2026-01-26 20:11:00,D001,OPEN,Daily_Activity
2026-01-26 20:28:00,M002,ON,Daily_Activity
2026-01-26 20:28:00,M003,ON,Daily_Activity
2026-01-26 20:45:00,M003,ON,Daily_Activity
2026-01-26 21:31:00,M004,ON,Relax
2026-01-26 22:36:00,M001,ON,Sleep
2026-01-27 07:08:00,M001,ON,Wake_Up
2026-01-27 07:21:00,M003,ON,Bathroom
2026-01-27 07:53:00,M002,ON,Breakfast
2026-01-27 08:17:00,D001,OPEN,Leave_Home
2026-01-27 09:23:00,M004,ON,Daily_Activity
2026-01-27 10:02:00,M004,ON,Daily_Activity
2026-01-27 10:16:00,M003,ON,Daily_Activity
2026-01-27 10:19:00,D001,OPEN,Daily_Activity
2026-01-27 10:33:00,M003,ON,Daily_Activity
2026-01-27 11:27:00,M002,ON,Daily_Activity
2026-01-27 11:40:00,M004,ON,Daily_Activity
2026-01-27 11:42:00,M004,ON,Daily_Activity
2026-01-27 11:56:00,M003,ON,Daily_Activity
2026-01-27 12:50:00,D001,OPEN,Daily_Activity
2026-01-27 13:10:00,M003,ON,Daily_Activity
2026-01-27 14:33:00,M004,ON,Daily_Activity
2026-01-27 14:41:00,M002,ON,Daily_Activity
2026-01-27 14:59:00,M003,ON,Daily_Activity
2026-01-27 16:29:00,M004,ON,Daily_Activity
2026-01-27 16:51:00,M003,ON,Daily_Activity
2026-01-27 17:26:00,D001,OPEN,Daily_Activity
2026-01-27 17:41:00,M003,ON,Daily_Activity
2026-01-27 18:02:00,M002,ON,Daily_Activity
2026-01-27 18:04:00,M003,ON,Daily_Activity
2026-01-27 18:34:00,M002,ON,Daily_Activity
2026-01-27 18:37:00,M003,ON,Daily_Activity
2026-01-27 18:56:00,M002,ON,Daily_Activity
2026-01-27 19:35:00,M004,ON,Daily_Activity
2026-01-27 20:46:00,D001,OPEN,Daily_Activity
2026-01-27 21:40:00,M004,ON,Relax
2026-01-27 22:26:00,M001,ON,Sleep
2026-01-28 07:14:00,M001,ON,Wake_Up
2026-01-28 07:26:00,M003,ON,Bathroom
2026-01-28 07:59:00,M002,ON,Breakfast
2026-01-28 08:25:00,D001,OPEN,Leave_Home
2026-01-28 09:03:00,M004,ON,Daily_Activity
2026-01-28 09:18:00,D001,OPEN,Daily_Activity
2026-01-28 09:31:00,M004,ON,Daily_Activity
2026-01-28 10:17:00,D001,OPEN,Daily_Activity
2026-01-28 11:52:00,M004,ON,Daily_Activity
2026-01-28 12:09:00,M002,ON,Daily_Activity
2026-01-28 12:13:00,M004,ON,Daily_Activity
2026-01-28 12:48:00,M003,ON,Daily_Activity
2026-01-28 12:51:00,D001,OPEN,Daily_Activity
2026-01-28 13:29:00,M002,ON,Daily_Activity
2026-01-28 14:15:00,D001,OPEN,Daily_Activity
2026-01-28 15:08:00,M004,ON,Daily_Activity
2026-01-28 15:32:00,D001,OPEN,Daily_Activity
2026-01-28 16:01:00,M002,ON,Daily_Activity
2026-01-28 16:13:00,M004,ON,Daily_Activity
2026-01-28 16:26:00,D001,OPEN,Daily_Activity
2026-01-28 16:32:00,D001,OPEN,Daily_Activity
2026-01-28 16:56:00,M004,ON,Daily_Activity
2026-01-28 17:35:00,M002,ON,Daily_Activity
2026-01-28 18:09:00,M004,ON,Daily_Activity
2026-01-28 18:26:00,M003,ON,Daily_Activity
2026-01-28 18:46:00,M004,ON,Daily_Activity
2026-01-28 19:19:00,D001,OPEN,Daily_Activity
2026-01-28 20:03:00,M003,ON,Daily_Activity
2026-01-28 20:20:00,M004,ON,Daily_Activity
2026-01-28 21:35:00,M004,ON,Relax
2026-01-28 22:39:00,M001,ON,Sleep
2026-01-29 07:15:00,M001,ON,Wake_Up
2026-01-29 07:30:00,M003,ON,Bathroom
2026-01-29 07:57:00,M002,ON,Breakfast
2026-01-29 08:19:00,D001,OPEN,Leave_Home
2026-01-29 09:08:00,M004,ON,Daily_Activity
2026-01-29 09:36:00,M003,ON,Daily_Activity
2026-01-29 10:24:00,D001,OPEN,Daily_Activity
2026-01-29 11:06:00,D001,OPEN,Daily_Activity
2026-01-29 11:25:00,M004,ON,Daily_Activity
2026-01-29 11:38:00,M003,ON,Daily_Activity
2026-01-29 12:38:00,D001,OPEN,Daily_Activity
2026-01-29 14:02:00,D001,OPEN,Daily_Activity
2026-01-29 14:21:00,M002,ON,Daily_Activity
2026-01-29 14:35:00,M004,ON,Daily_Activity
2026-01-29 14:50:00,M004,ON,Daily_Activity
2026-01-29 14:59:00,M004,ON,Daily_Activity
2026-01-29 15:08:00,M004,ON,Daily_Activity
2026-01-29 15:37:00,M004,ON,Daily_Activity
2026-01-29 16:33:00,D001,OPEN,Daily_Activity
2026-01-29 16:52:00,M002,ON,Daily_Activity
2026-01-29 17:00:00,M002,ON,Daily_Activity
2026-01-29 17:02:00,M002,ON,Daily_Activity
2026-01-29 17:17:00,M002,ON,Daily_Activity
2026-01-29 17:23:00,M003,ON,Daily_Activity
2026-01-29 18:21:00,D001,OPEN,Daily_Activity
2026-01-29 18:30:00,M004,ON,Daily_Activity
2026-01-29 20:23:00,D001,OPEN,Daily_Activity
2026-01-29 20:36:00,M004,ON,Daily_Activity
2026-01-29 20:55:00,M002,ON,Daily_Activity
2026-01-29 21:40:00,M004,ON,Relax
2026-01-29 22:38:00,M001,ON,Sleep
2026-01-30 07:14:00,M001,ON,Wake_Up
2026-01-30 07:23:00,M003,ON,Bathroom
2026-01-30 07:50:00,M002,ON,Breakfast
2026-01-30 08:24:00,D001,OPEN,Leave_Home
2026-01-30 09:36:00,M002,ON,Daily_Activity
2026-01-30 11:18:00,M002,ON,Daily_Activity
2026-01-30 11:29:00,M004,ON,Daily_Activity
2026-01-30 11:52:00,M003,ON,Daily_Activity
2026-01-30 12:01:00,D001,OPEN,Daily_Activity
2026-01-30 12:17:00,M004,ON,Daily_Activity
2026-01-30 12:19:00,M004,ON,Daily_Activity
2026-01-30 13:07:00,D001,OPEN,Daily_Activity
2026-01-30 13:45:00,M002,ON,Daily_Activity
2026-01-30 14:26:00,M003,ON,Daily_Activity
2026-01-30 14:30:00,M004,ON,Daily_Activity
2026-01-30 14:59:00,D001,OPEN,Daily_Activity
2026-01-30 15:32:00,D001,OPEN,Daily_Activity
2026-01-30 15:44:00,M003,ON,Daily_Activity
2026-01-30 15:52:00,M004,ON,Daily_Activity
2026-01-30 16:10:00,D001,OPEN,Daily_Activity
2026-01-30 17:20:00,D001,OPEN,Daily_Activity
2026-01-30 17:22:00,M004,ON,Daily_Activity
2026-01-30 17:24:00,M004,ON,Daily_Activity
2026-01-30 17:59:00,M004,ON,Daily_Activity
2026-01-30 18:30:00,M003,ON,Daily_Activity
2026-01-30 19:16:00,D001,OPEN,Daily_Activity
2026-01-30 20:08:00,M003,ON,Daily_Activity
2026-01-30 20:13:00,D001,OPEN,Daily_Activity
2026-01-30 20:46:00,M002,ON,Daily_Activity
2026-01-30 21:26:00,M004,ON,Relax
2026-01-30 22:26:00,M001,ON,Sleep
2026-01-31 07:13:00,M001,ON,Wake_Up
2026-01-31 07:24:00,M003,ON,Bathroom
2026-01-31 07:58:00,M002,ON,Breakfast
2026-01-31 08:19:00,D001,OPEN,Leave_Home
2026-01-31 09:00:00,M004,ON,Daily_Activity
2026-01-31 09:35:00,M003,ON,Daily_Activity
2026-01-31 09:47:00,M004,ON,Daily_Activity
2026-01-31 09:53:00,D001,OPEN,Daily_Activity
2026-01-31 10:26:00,M004,ON,Daily_Activity
2026-01-31 11:06:00,M003,ON,Daily_Activity
2026-01-31 11:26:00,M003,ON,Daily_Activity
2026-01-31 11:54:00,D001,OPEN,Daily_Activity
2026-01-31 12:03:00,M003,ON,Daily_Activity
2026-01-31 13:12:00,M002,ON,Daily_Activity
2026-01-31 13:20:00,M004,ON,Daily_Activity
2026-01-31 14:10:00,D001,OPEN,Daily_Activity
2026-01-31 14:18:00,D001,OPEN,Daily_Activity
2026-01-31 15:41:00,D001,OPEN,Daily_Activity
2026-01-31 16:11:00,M004,ON,Daily_Activity
2026-01-31 16:41:00,M003,ON,Daily_Activity
2026-01-31 17:47:00,M002,ON,Daily_Activity
2026-01-31 18:38:00,M002,ON,Daily_Activity
2026-01-31 19:03:00,M002,ON,Daily_Activity
2026-01-31 19:14:00,M002,ON,Daily_Activity
2026-01-31 19:16:00,M003,ON,Daily_Activity
2026-01-31 19:34:00,D001,OPEN,Daily_Activity
2026-01-31 19:36:00,M003,ON,Daily_Activity
2026-01-31 19:49:00,M003,ON,Daily_Activity
2026-01-31 20:30:00,M002,ON,Daily_Activity
2026-01-31 21:29:00,M004,ON,Relax
2026-01-31 22:38:00,M001,ON,Sleep
2026-02-01 07:15:00,M001,ON,Wake_Up
2026-02-01 07:23:00,M003,ON,Bathroom
2026-02-01 07:52:00,M002,ON,Breakfast
2026-02-01 08:24:00,D001,OPEN,Leave_Home
2026-02-01 09:16:00,D001,OPEN,Daily_Activity
2026-02-01 09:53:00,M003,ON,Daily_Activity
2026-02-01 10:25:00,M002,ON,Daily_Activity
2026-02-01 10:58:00,M002,ON,Daily_Activity
2026-02-01 11:08:00,D001,OPEN,Daily_Activity
2026-02-01 11:20:00,D001,OPEN,Daily_Activity
2026-02-01 11:29:00,M004,ON,Daily_Activity
2026-02-01 12:08:00,D001,OPEN,Daily_Activity
2026-02-01 12:28:00,M004,ON,Daily_Activity
2026-02-01 12:43:00,M002,ON,Daily_Activity
2026-02-01 13:10:00,D001,OPEN,Daily_Activity
2026-02-01 13:41:00,M004,ON,Daily_Activity
2026-02-01 14:19:00,M002,ON,Daily_Activity
2026-02-01 14:39:00,M003,ON,Daily_Activity
2026-02-01 14:59:00,M003,ON,Daily_Activity
2026-02-01 15:32:00,M004,ON,Daily_Activity
2026-02-01 15:44:00,D001,OPEN,Daily_Activity
2026-02-01 17:28:00,M004,ON,Daily_Activity
2026-02-01 17:51:00,M003,ON,Daily_Activity
2026-02-01 18:34:00,M003,ON,Daily_Activity
2026-02-01 19:07:00,D001,OPEN,Daily_Activity
2026-02-01 19:32:00,M004,ON,Daily_Activity
2026-02-01 19:57:00,D001,OPEN,Daily_Activity
2026-02-01 20:07:00,M004,ON,Daily_Activity
2026-02-01 20:15:00,M002,ON,Daily_Activity
2026-02-01 21:23:00,M004,ON,Relax
2026-02-01 22:26:00,M001,ON,Sleep
2026-02-02 07:14:00,M001,ON,Wake_Up
2026-02-02 07:27:00,M003,ON,Bathroom
2026-02-02 07:51:00,M002,ON,Breakfast
2026-02-02 08:23:00,D001,OPEN,Leave_Home
2026-02-02 09:18:00,D001,OPEN,Daily_Activity
2026-02-02 09:27:00,M004,ON,Daily_Activity
2026-02-02 09:48:00,M002,ON,Daily_Activity
2026-02-02 10:11:00,D001,OPEN,Daily_Activity
2026-02-02 10:59:00,D001,OPEN,Daily_Activity
2026-02-02 11:17:00,M003,ON,Daily_Activity
2026-02-02 11:49:00,M003,ON,Daily_Activity
2026-02-02 12:29:00,M004,ON,Daily_Activity
2026-02-02 13:29:00,D001,OPEN,Daily_Activity
2026-02-02 13:52:00,M002,ON,Daily_Activity
2026-02-02 14:57:00,D001,OPEN,Daily_Activity
2026-02-02 15:05:00,M003,ON,Daily_Activity
2026-02-02 16:08:00,D001,OPEN,Daily_Activity
2026-02-02 16:36:00,M002,ON,Daily_Activity
2026-02-02 16:51:00,M002,ON,Daily_Activity
2026-02-02 16:55:00,D001,OPEN,Daily_Activity
2026-02-02 17:08:00,M003,ON,Daily_Activity
2026-02-02 17:24:00,M003,ON,Daily_Activity
2026-02-02 17:29:00,M004,ON,Daily_Activity
2026-02-02 19:46:00,D001,OPEN,Daily_Activity
2026-02-02 19:55:00,M004,ON,Daily_Activity
2026-02-02 20:01:00,D001,OPEN,Daily_Activity
2026-02-02 20:04:00,M002,ON,Daily_Activity
2026-02-02 20:13:00,M002,ON,Daily_Activity
2026-02-02 20:48:00,M002,ON,Daily_Activity
2026-02-02 21:21:00,M004,ON,Relax
2026-02-02 22:33:00,M001,ON,Sleep
2026-02-03 07:14:00,M001,ON,Wake_Up
2026-02-03 07:20:00,M003,ON,Bathroom
2026-02-03 07:53:00,M002,ON,Breakfast
2026-02-03 08:18:00,D001,OPEN,Leave_Home
2026-02-03 09:35:00,M003,ON,Daily_Activity
2026-02-03 10:06:00,M002,ON,Daily_Activity
2026-02-03 11:32:00,M004,ON,Daily_Activity
2026-02-03 12:19:00,M003,ON,Daily_Activity
2026-02-03 12:21:00,M002,ON,Daily_Activity
2026-02-03 12:47:00,M002,ON,Daily_Activity
2026-02-03 12:52:00,M004,ON,Daily_Activity
2026-02-03 12:54:00,M003,ON,Daily_Activity
2026-02-03 13:54:00,M003,ON,Daily_Activity
2026-02-03 14:41:00,D001,OPEN,Daily_Activity
2026-02-03 15:09:00,M004,ON,Daily_Activity
2026-02-03 15:11:00,D001,OPEN,Daily_Activity
2026-02-03 15:15:00,M004,ON,Daily_Activity
2026-02-03 15:19:00,M004,ON,Daily_Activity
2026-02-03 15:28:00,M003,ON,Daily_Activity
2026-02-03 16:38:00,M002,ON,Daily_Activity
2026-02-03 16:58:00,M002,ON,Daily_Activity
2026-02-03 17:13:00,M002,ON,Daily_Activity
2026-02-03 17:20:00,D001,OPEN,Daily_Activity
2026-02-03 17:26:00,D001,OPEN,Daily_Activity
2026-02-03 17:31:00,M002,ON,Daily_Activity
2026-02-03 17:33:00,M003,ON,Daily_Activity
2026-02-03 18:38:00,M004,ON,Daily_Activity
2026-02-03 19:33:00,M003,ON,Daily_Activity
2026-02-03 19:43:00,D001,OPEN,Daily_Activity
2026-02-03 21:34:00,M004,ON,Relax
2026-02-03 22:31:00,M001,ON,Sleep
2026-02-04 07:06:00,M001,ON,Wake_Up
2026-02-04 07:28:00,M003,ON,Bathroom
2026-02-04 07:53:00,M002,ON,Breakfast
2026-02-04 08:15:00,D001,OPEN,Leave_Home
2026-02-04 09:36:00,M003,ON,Daily_Activity
2026-02-04 10:12:00,M003,ON,Daily_Activity
2026-02-04 12:44:00,M003,ON,Daily_Activity
2026-02-04 12:59:00,M003,ON,Daily_Activity
2026-02-04 13:09:00,M003,ON,Daily_Activity
2026-02-04 13:16:00,M004,ON,Daily_Activity
2026-02-04 13:24:00,M002,ON,Daily_Activity
2026-02-04 13:35:00,D001,OPEN,Daily_Activity
2026-02-04 13:48:00,D001,OPEN,Daily_Activity
2026-02-04 13:58:00,M002,ON,Daily_Activity
2026-02-04 14:14:00,D001,OPEN,Daily_Activity
2026-02-04 14:20:00,D001,OPEN,Daily_Activity
2026-02-04 14:58:00,M003,ON,Daily_Activity
2026-02-04 15:29:00,M004,ON,Daily_Activity
2026-02-04 15:58:00,M003,ON,Daily_Activity
2026-02-04 16:06:00,D001,OPEN,Daily_Activity
2026-02-04 16:10:00,M004,ON,Daily_Activity
2026-02-04 16:13:00,M004,ON,Daily_Activity
2026-02-04 16:35:00,M004,ON,Daily_Activity
2026-02-04 17:20:00,M004,ON,Daily_Activity
2026-02-04 17:56:00,D001,OPEN,Daily_Activity
2026-02-04 18:53:00,M003,ON,Daily_Activity
2026-02-04 20:07:00,D001,OPEN,Daily_Activity
2026-02-04 20:09:00,M002,ON,Daily_Activity
2026-02-04 20:41:00,D001,OPEN,Daily_Activity
2026-02-04 21:25:00,M004,ON,Relax
2026-02-04 22:24:00,M001,ON,Sleep
2026-02-05 07:13:00,M001,ON,Wake_Up
2026-02-05 07:27:00,M003,ON,Bathroom
2026-02-05 07:52:00,M002,ON,Breakfast
2026-02-05 08:23:00,D001,OPEN,Leave_Home
2026-02-05 09:01:00,M004,ON,Daily_Activity
2026-02-05 09:26:00,M003,ON,Daily_Activity
2026-02-05 09:34:00,D001,OPEN,Daily_Activity
2026-02-05 09:40:00,M002,ON,Daily_Activity
2026-02-05 10:23:00,D001,OPEN,Daily_Activity
2026-02-05 10:25:00,D001,OPEN,Daily_Activity
2026-02-05 10:52:00,M002,ON,Daily_Activity
2026-02-05 11:06:00,M002,ON,Daily_Activity
2026-02-05 12:32:00,D001,OPEN,Daily_Activity
2026-02-05 12:39:00,M004,ON,Daily_Activity
2026-02-05 14:03:00,D001,OPEN,Daily_Activity
2026-02-05 14:17:00,D001,OPEN,Daily_Activity
2026-02-05 15:35:00,D001,OPEN,Daily_Activity
2026-02-05 16:36:00,M003,ON,Daily_Activity
2026-02-05 17:09:00,M003,ON,Daily_Activity
2026-02-05 17:18:00,M002,ON,Daily_Activity
2026-02-05 17:52:00,D001,OPEN,Daily_Activity
2026-02-05 19:03:00,M002,ON,Daily_Activity
2026-02-05 19:14:00,M002,ON,Daily_Activity
2026-02-05 19:31:00,M002,ON,Daily_Activity
2026-02-05 19:52:00,M002,ON,Daily_Activity
2026-02-05 19:54:00,M002,ON,Daily_Activity
2026-02-05 20:09:00,M002,ON,Daily_Activity
2026-02-05 20:10:00,M002,ON,Daily_Activity
2026-02-05 20:14:00,M004,ON,Daily_Activity
2026-02-05 21:35:00,M004,ON,Relax
2026-02-05 22:33:00,M001,ON,Sleep
2026-02-06 07:15:00,M001,ON,Wake_Up
2026-02-06 07:25:00,M003,ON,Bathroom
2026-02-06 07:59:00,M002,ON,Breakfast
2026-02-06 08:16:00,D001,OPEN,Leave_Home
2026-02-06 09:06:00,D001,OPEN,Daily_Activity
2026-02-06 09:13:00,M003,ON,Daily_Activity
2026-02-06 10:17:00,M003,ON,Daily_Activity
2026-02-06 10:19:00,M003,ON,Daily_Activity
2026-02-06 10:49:00,M004,ON,Daily_Activity
2026-02-06 11:59:00,M004,ON,Daily_Activity
2026-02-06 12:13:00,D001,OPEN,Daily_Activity
2026-02-06 12:45:00,M002,ON,Daily_Activity
2026-02-06 12:53:00,M002,ON,Daily_Activity
2026-02-06 13:02:00,M002,ON,Daily_Activity
2026-02-06 14:01:00,M004,ON,Daily_Activity
2026-02-06 14:35:00,D001,OPEN,Daily_Activity
2026-02-06 14:38:00,D001,OPEN,Daily_Activity
2026-02-06 15:11:00,D001,OPEN,Daily_Activity
2026-02-06 15:45:00,M003,ON,Daily_Activity
2026-02-06 15:48:00,M003,ON,Daily_Activity
2026-02-06 16:31:00,M003,ON,Daily_Activity
2026-02-06 17:36:00,M002,ON,Daily_Activity
2026-02-06 17:47:00,M004,ON,Daily_Activity
2026-02-06 17:58:00,M002,ON,Daily_Activity
2026-02-06 18:15:00,D001,OPEN,Daily_Activity
2026-02-06 19:57:00,M004,ON,Daily_Activity
2026-02-06 19:59:00,M004,ON,Daily_Activity
2026-02-06 20:46:00,M002,ON,Daily_Activity
2026-02-06 20:52:00,D001,OPEN,Daily_Activity
2026-02-06 21:32:00,M004,ON,Relax
2026-02-06 22:30:00,M001,ON,Sleep
2026-02-07 07:10:00,M001,ON,Wake_Up
2026-02-07 07:21:00,M003,ON,Bathroom
2026-02-07 07:51:00,M002,ON,Breakfast
2026-02-07 08:15:00,D001,OPEN,Leave_Home
2026-02-07 10:01:00,M002,ON,Daily_Activity
2026-02-07 10:10:00,D001,OPEN,Daily_Activity
2026-02-07 10:11:00,D001,OPEN,Daily_Activity
2026-02-07 11:17:00,M004,ON,Daily_Activity
2026-02-07 13:00:00,D001,OPEN,Daily_Activity
2026-02-07 13:06:00,M003,ON,Daily_Activity
2026-02-07 13:26:00,M004,ON,Daily_Activity
2026-02-07 13:28:00,M004,ON,Daily_Activity
2026-02-07 13:31:00,M003,ON,Daily_Activity
2026-02-07 14:16:00,M003,ON,Daily_Activity
2026-02-07 14:28:00,M004,ON,Daily_Activity
2026-02-07 14:35:00,M002,ON,Daily_Activity
2026-02-07 14:53:00,D001,OPEN,Daily_Activity
2026-02-07 15:00:00,M004,ON,Daily_Activity
2026-02-07 15:24:00,M002,ON,Daily_Activity
2026-02-07 15:52:00,M003,ON,Daily_Activity
2026-02-07 16:06:00,M003,ON,Daily_Activity
2026-02-07 16:35:00,D001,OPEN,Daily_Activity
2026-02-07 16:50:00,M002,ON,Daily_Activity
2026-02-07 18:33:00,M003,ON,Daily_Activity
2026-02-07 18:38:00,M004,ON,Daily_Activity
2026-02-07 18:39:00,M003,ON,Daily_Activity
2026-02-07 19:24:00,M003,ON,Daily_Activity
2026-02-07 20:40:00,D001,OPEN,Daily_Activity
2026-02-07 20:57:00,M003,ON,Daily_Activity
2026-02-07 21:29:00,M004,ON,Relax
2026-02-07 22:30:00,M001,ON,Sleep
2026-02-08 07:14:00,M001,ON,Wake_Up
2026-02-08 07:23:00,M003,ON,Bathroom
2026-02-08 07:57:00,M002,ON,Breakfast
2026-02-08 08:20:00,D001,OPEN,Leave_Home
2026-02-08 10:00:00,M002,ON,Daily_Activity
2026-02-08 10:28:00,D001,OPEN,Daily_Activity
2026-02-08 10:49:00,M003,ON,Daily_Activity
2026-02-08 11:25:00,M004,ON,Daily_Activity
2026-02-08 11:41:00,M002,ON,Daily_Activity
2026-02-08 13:14:00,M003,ON,Daily_Activity
2026-02-08 13:42:00,M003,ON,Daily_Activity
2026-02-08 13:47:00,D001,OPEN,Daily_Activity
2026-02-08 14:24:00,M004,ON,Daily_Activity
2026-02-08 14:50:00,D001,OPEN,Daily_Activity
2026-02-08 15:23:00,M002,ON,Daily_Activity
2026-02-08 16:51:00,M004,ON,Daily_Activity
2026-02-08 17:02:00,M004,ON,Daily_Activity
2026-02-08 18:12:00,M003,ON,Daily_Activity
2026-02-08 18:25:00,D001,OPEN,Daily_Activity
2026-02-08 18:41:00,D001,OPEN,Daily_Activity
2026-02-08 18:50:00,M003,ON,Daily_Activity
2026-02-08 19:19:00,M003,ON,Daily_Activity
2026-02-08 19:31:00,M003,ON,Daily_Activity
2026-02-08 19:42:00,M004,ON,Daily_Activity
2026-02-08 19:49:00,M002,ON,Daily_Activity
2026-02-08 20:04:00,D001,OPEN,Daily_Activity
2026-02-08 20:27:00,D001,OPEN,Daily_Activity
2026-02-08 20:29:00,M003,ON,Daily_Activity
2026-02-08 20:57:00,M002,ON,Daily_Activity
2026-02-08 21:34:00,M004,ON,Relax
2026-02-08 22:31:00,M001,ON,Sleep
2026-02-09 07:11:00,M001,ON,Wake_Up
2026-02-09 07:27:00,M003,ON,Bathroom
2026-02-09 08:00:00,M002,ON,Breakfast
2026-02-09 08:24:00,D001,OPEN,Leave_Home
2026-02-09 09:51:00,M002,ON,Daily_Activity
2026-02-09 09:54:00,M004,ON,Daily_Activity
2026-02-09 10:07:00,M003,ON,Daily_Activity
2026-02-09 10:18:00,D001,OPEN,Daily_Activity
2026-02-09 12:17:00,M002,ON,Daily_Activity
2026-02-09 12:51:00,D001,OPEN,Daily_Activity
2026-02-09 14:01:00,D001,OPEN,Daily_Activity
2026-02-09 14:04:00,M004,ON,Daily_Activity
2026-02-09 14:19:00,M004,ON,Daily_Activity
2026-02-09 14:20:00,M003,ON,Daily_Activity
2026-02-09 15:00:00,M003,ON,Daily_Activity
2026-02-09 15:01:00,M003,ON,Daily_Activity
2026-02-09 16:06:00,D001,OPEN,Daily_Activity
2026-02-09 16:37:00,D001,OPEN,Daily_Activity
2026-02-09 16:50:00,M003,ON,Daily_Activity
2026-02-09 17:10:00,M004,ON,Daily_Activity
2026-02-09 17:27:00,D001,OPEN,Daily_Activity
2026-02-09 17:30:00,M004,ON,Daily_Activity
2026-02-09 18:06:00,M003,ON,Daily_Activity
2026-02-09 19:06:00,M003,ON,Daily_Activity
2026-02-09 19:11:00,M003,ON,Daily_Activity
2026-02-09 19:42:00,D001,OPEN,Daily_Activity
2026-02-09 20:15:00,M003,ON,Daily_Activity
2026-02-09 20:32:00,M003,ON,Daily_Activity
2026-02-09 20:44:00,D001,OPEN,Daily_Activity
2026-02-09 21:34:00,M004,ON,Relax
2026-02-09 22:23:00,M001,ON,Sleep
2026-02-10 07:09:00,M001,ON,Wake_Up
2026-02-10 07:30:00,M003,ON,Bathroom
2026-02-10 07:57:00,M002,ON,Breakfast
2026-02-10 08:23:00,D001,OPEN,Leave_Home
2026-02-10 09:31:00,M003,ON,Daily_Activity
2026-02-10 10:11:00,M004,ON,Daily_Activity
2026-02-10 10:15:00,M004,ON,Daily_Activity
2026-02-10 11:31:00,M003,ON,Daily_Activity
2026-02-10 12:34:00,M004,ON,Daily_Activity
2026-02-10 12:52:00,D001,OPEN,Daily_Activity
2026-02-10 13:02:00,M004,ON,Daily_Activity
2026-02-10 13:08:00,M003,ON,Daily_Activity
2026-02-10 14:22:00,D001,OPEN,Daily_Activity
2026-02-10 14:53:00,D001,OPEN,Daily_Activity
2026-02-10 15:38:00,M003,ON,Daily_Activity
2026-02-10 15:43:00,D001,OPEN,Daily_Activity
2026-02-10 15:45:00,D001,OPEN,Daily_Activity
2026-02-10 16:10:00,M002,ON,Daily_Activity
2026-02-10 17:10:00,D001,OPEN,Daily_Activity
2026-02-10 17:32:00,D001,OPEN,Daily_Activity
2026-02-10 18:01:00,M003,ON,Daily_Activity
2026-02-10 18:03:00,M004,ON,Daily_Activity
2026-02-10 18:11:00,M004,ON,Daily_Activity
2026-02-10 18:24:00,D001,OPEN,Daily_Activity
2026-02-10 18:25:00,M002,ON,Daily_Activity
2026-02-10 18:37:00,M002,ON,Daily_Activity
2026-02-10 19:08:00,M004,ON,Daily_Activity
2026-02-10 19:20:00,D001,OPEN,Daily_Activity
2026-02-10 20:09:00,D001,OPEN,Daily_Activity
2026-02-10 21:25:00,M004,ON,Relax
2026-02-10 22:34:00,M001,ON,Sleep
2026-02-11 07:14:00,M001,ON,Wake_Up
2026-02-11 07:27:00,M003,ON,Bathroom
2026-02-11 07:58:00,M002,ON,Breakfast
2026-02-11 08:23:00,D001,OPEN,Leave_Home
2026-02-11 09:17:00,M003,ON,Daily_Activity
2026-02-11 09:36:00,M004,ON,Daily_Activity
2026-02-11 10:28:00,M002,ON,Daily_Activity
2026-02-11 10:36:00,M002,ON,Daily_Activity
2026-02-11 11:39:00,M003,ON,Daily_Activity
2026-02-11 11:48:00,D001,OPEN,Daily_Activity
2026-02-11 12:09:00,M004,ON,Daily_Activity
2026-02-11 12:13:00,M004,ON,Daily_Activity
2026-02-11 12:48:00,D001,OPEN,Daily_Activity
2026-02-11 12:52:00,M003,ON,Daily_Activity
2026-02-11 13:36:00,M004,ON,Daily_Activity
2026-02-11 13:49:00,M004,ON,Daily_Activity
2026-02-11 13:55:00,M002,ON,Daily_Activity
2026-02-11 14:45:00,M004,ON,Daily_Activity
2026-02-11 15:06:00,M003,ON,Daily_Activity
2026-02-11 16:04:00,M002,ON,Daily_Activity
2026-02-11 16:09:00,M004,ON,Daily_Activity
2026-02-11 16:16:00,M004,ON,Daily_Activity
2026-02-11 17:17:00,M003,ON,Daily_Activity
2026-02-11 17:52:00,M002,ON,Daily_Activity
2026-02-11 17:57:00,M002,ON,Daily_Activity
2026-02-11 19:26:00,D001,OPEN,Daily_Activity
2026-02-11 20:28:00,M003,ON,Daily_Activity
2026-02-11 20:39:00,D001,OPEN,Daily_Activity
2026-02-11 20:55:00,M003,ON,Daily_Activity
2026-02-11 21:32:00,M004,ON,Relax
2026-02-11 22:36:00,M001,ON,Sleep
2026-02-12 07:09:00,M001,ON,Wake_Up
2026-02-12 07:25:00,M003,ON,Bathroom
2026-02-12 07:57:00,M002,ON,Breakfast
2026-02-12 08:22:00,D001,OPEN,Leave_Home
2026-02-12 09:00:00,M004,ON,Daily_Activity
2026-02-12 09:06:00,D001,OPEN,Daily_Activity
2026-02-12 09:07:00,M003,ON,Daily_Activity
2026-02-12 09:25:00,M004,ON,Daily_Activity
2026-02-12 10:50:00,D001,OPEN,Daily_Activity
2026-02-12 11:37:00,M003,ON,Daily_Activity
2026-02-12 12:27:00,M003,ON,Daily_Activity
2026-02-12 12:30:00,M002,ON,Daily_Activity
2026-02-12 13:05:00,M004,ON,Daily_Activity
2026-02-12 13:05:00,M004,ON,Daily_Activity
2026-02-12 13:21:00,M003,ON,Daily_Activity
2026-02-12 14:37:00,M002,ON,Daily_Activity
2026-02-12 14:57:00,M002,ON,Daily_Activity
2026-02-12 15:12:00,M003,ON,Daily_Activity
2026-02-12 15:41:00,M002,ON,Daily_Activity
2026-02-12 16:17:00,M004,ON,Daily_Activity
2026-02-12 16:29:00,M002,ON,Daily_Activity
2026-02-12 17:43:00,D001,OPEN,Daily_Activity
2026-02-12 18:54:00,D001,OPEN,Daily_Activity
2026-02-12 19:19:00,M003,ON,Daily_Activity
2026-02-12 19:42:00,M004,ON,Daily_Activity
2026-02-12 19:57:00,M003,ON,Daily_Activity
2026-02-12 20:05:00,D001,OPEN,Daily_Activity
2026-02-12 20:06:00,M002,ON,Daily_Activity
2026-02-12 20:44:00,M003,ON,Daily_Activity
2026-02-12 21:23:00,M004,ON,Relax
2026-02-12 22:33:00,M001,ON,Sleep
2026-02-13 07:07:00,M001,ON,Wake_Up
2026-02-13 07:27:00,M003,ON,Bathroom
2026-02-13 07:51:00,M002,ON,Breakfast
2026-02-13 08:18:00,D001,OPEN,Leave_Home
2026-02-13 10:20:00,M004,ON,Daily_Activity
2026-02-13 10:33:00,M002,ON,Daily_Activity
2026-02-13 11:15:00,M004,ON,Daily_Activity
2026-02-13 11:24:00,D001,OPEN,Daily_Activity
2026-02-13 11:41:00,M003,ON,Daily_Activity
2026-02-13 11:48:00,M002,ON,Daily_Activity
2026-02-13 12:05:00,M002,ON,Daily_Activity
2026-02-13 12:31:00,M002,ON,Daily_Activity
2026-02-13 12:33:00,M003,ON,Daily_Activity
2026-02-13 13:08:00,D001,OPEN,Daily_Activity
2026-02-13 14:27:00,M004,ON,Daily_Activity
2026-02-13 14:59:00,M004,ON,Daily_Activity
2026-02-13 15:05:00,M002,ON,Daily_Activity
2026-02-13 15:39:00,D001,OPEN,Daily_Activity
2026-02-13 16:22:00,M003,ON,Daily_Activity
2026-02-13 16:24:00,M002,ON,Daily_Activity
2026-02-13 17:38:00,M004,ON,Daily_Activity
2026-02-13 17:56:00,M002,ON,Daily_Activity
2026-02-13 18:41:00,M003,ON,Daily_Activity
2026-02-13 18:46:00,D001,OPEN,Daily_Activity
2026-02-13 19:03:00,M003,ON,Daily_Activity
2026-02-13 19:05:00,M003,ON,Daily_Activity
2026-02-13 19:47:00,M003,ON,Daily_Activity
2026-02-13 20:01:00,M004,ON,Daily_Activity
2026-02-13 20:25:00,M004,ON,Daily_Activity
2026-02-13 21:31:00,M004,ON,Relax
2026-02-13 22:37:00,M001,ON,Sleep
2026-02-14 07:15:00,M001,ON,Wake_Up
2026-02-14 07:22:00,M003,ON,Bathroom
2026-02-14 07:57:00,M002,ON,Breakfast
2026-02-14 08:16:00,D001,OPEN,Leave_Home
2026-02-14 09:15:00,M002,ON,Daily_Activity
2026-02-14 09:16:00,M003,ON,Daily_Activity
2026-02-14 09:21:00,D001,OPEN,Daily_Activity
2026-02-14 09:37:00,M002,ON,Daily_Activity
2026-02-14 09:59:00,M002,ON,Daily_Activity
2026-02-14 10:00:00,M003,ON,Daily_Activity
2026-02-14 10:32:00,M003,ON,Daily_Activity
2026-02-14 10:40:00,M003,ON,Daily_Activity
2026-02-14 11:23:00,M003,ON,Daily_Activity
2026-02-14 11:34:00,M004,ON,Daily_Activity
2026-02-14 13:05:00,M004,ON,Daily_Activity
2026-02-14 13:33:00,M002,ON,Daily_Activity
2026-02-14 13:42:00,M003,ON,Daily_Activity
2026-02-14 13:44:00,D001,OPEN,Daily_Activity
2026-02-14 15:07:00,D001,OPEN,Daily_Activity
2026-02-14 15:32:00,M004,ON,Daily_Activity
2026-02-14 15:37:00,M002,ON,Daily_Activity
2026-02-14 15:44:00,D001,OPEN,Daily_Activity
2026-02-14 16:22:00,M004,ON,Daily_Activity
2026-02-14 18:38:00,M002,ON,Daily_Activity
2026-02-14 19:45:00,D001,OPEN,Daily_Activity
2026-02-14 20:00:00,M003,ON,Daily_Activity
2026-02-14 20:49:00,M004,ON,Daily_Activity
2026-02-14 20:54:00,M003,ON,Daily_Activity
2026-02-14 20:56:00,M002,ON,Daily_Activity
2026-02-14 21:28:00,M004,ON,Relax
2026-02-14 22:38:00,M001,ON,Sleep
2026-02-15 07:15:00,M001,ON,Wake_Up
2026-02-15 07:21:00,M003,ON,Bathroom
2026-02-15 07:57:00,M002,ON,Breakfast
2026-02-15 08:22:00,D001,OPEN,Leave_Home
2026-02-15 14:10:00,M004,ON,Daily_Activity
2026-02-15 16:54:00,M003,ON,Daily_Activity
2026-02-15 17:23:00,M002,ON,Daily_Activity
2026-02-15 21:23:00,M004,ON,Relax
2026-02-15 22:38:00,M001,ON,Sleep
2026-02-16 07:15:00,M001,ON,Wake_Up
2026-02-16 07:21:00,M003,ON,Bathroom
2026-02-16 07:53:00,M002,ON,Breakfast
2026-02-16 08:23:00,D001,OPEN,Leave_Home
2026-02-16 09:02:00,M002,ON,Daily_Activity
2026-02-16 09:14:00,M004,ON,Daily_Activity
2026-02-16 09:23:00,M003,ON,Daily_Activity
2026-02-16 10:13:00,M003,ON,Daily_Activity
2026-02-16 11:00:00,D001,OPEN,Daily_Activity
2026-02-16 11:14:00,M002,ON,Daily_Activity
2026-02-16 11:59:00,M002,ON,Daily_Activity
2026-02-16 12:02:00,D001,OPEN,Daily_Activity
2026-02-16 12:20:00,M003,ON,Daily_Activity
2026-02-16 12:46:00,M003,ON,Daily_Activity
2026-02-16 13:36:00,M004,ON,Daily_Activity
2026-02-16 13:49:00,M004,ON,Daily_Activity
2026-02-16 13:52:00,M002,ON,Daily_Activity
2026-02-16 14:00:00,D001,OPEN,Daily_Activity
2026-02-16 14:05:00,D001,OPEN,Daily_Activity
2026-02-16 14:24:00,M003,ON,Daily_Activity
2026-02-16 15:04:00,D001,OPEN,Daily_Activity
2026-02-16 15:58:00,M004,ON,Daily_Activity
2026-02-16 16:23:00,D001,OPEN,Daily_Activity
2026-02-16 17:43:00,M002,ON,Daily_Activity
2026-02-16 17:51:00,D001,OPEN,Daily_Activity
2026-02-16 18:23:00,M002,ON,Daily_Activity
2026-02-16 19:53:00,M002,ON,Daily_Activity
2026-02-16 20:39:00,M003,ON,Daily_Activity
2026-02-16 20:46:00,M004,ON,Daily_Activity
2026-02-16 21:33:00,M004,ON,Relax
2026-02-16 22:35:00,M001,ON,Sleep
2026-02-17 07:05:00,M001,ON,Wake_Up
2026-02-17 07:22:00,M003,ON,Bathroom
2026-02-17 07:54:00,M002,ON,Breakfast
2026-02-17 08:16:00,D001,OPEN,Leave_Home
2026-02-17 09:58:00,M003,ON,Daily_Activity
2026-02-17 10:10:00,M004,ON,Daily_Activity
2026-02-17 10:37:00,M002,ON,Daily_Activity
2026-02-17 11:01:00,D001,OPEN,Daily_Activity
2026-02-17 11:05:00,M003,ON,Daily_Activity
2026-02-17 11:06:00,M003,ON,Daily_Activity
2026-02-17 11:49:00,M002,ON,Daily_Activity
2026-02-17 12:04:00,M003,ON,Daily_Activity
2026-02-17 12:18:00,M004,ON,Daily_Activity
2026-02-17 12:28:00,M004,ON,Daily_Activity
2026-02-17 12:53:00,M004,ON,Daily_Activity
2026-02-17 14:25:00,M002,ON,Daily_Activity
2026-02-17 14:28:00,M004,ON,Daily_Activity
2026-02-17 14:59:00,D001,OPEN,Daily_Activity
2026-02-17 15:07:00,M004,ON,Daily_Activity
2026-02-17 15:42:00,M003,ON,Daily_Activity
2026-02-17 16:16:00,M002,ON,Daily_Activity
2026-02-17 16:29:00,M004,ON,Daily_Activity
2026-02-17 16:47:00,M002,ON,Daily_Activity
2026-02-17 17:26:00,M004,ON,Daily_Activity
2026-02-17 18:06:00,M003,ON,Daily_Activity
2026-02-17 19:19:00,M004,ON,Daily_Activity
2026-02-17 19:52:00,D001,OPEN,Daily_Activity
2026-02-17 20:44:00,M002,ON,Daily_Activity
2026-02-17 20:53:00,M004,ON,Daily_Activity
2026-02-17 21:34:00,M004,ON,Relax
2026-02-17 22:37:00,M001,ON,Sleep
2026-02-18 07:13:00,M001,ON,Wake_Up
2026-02-18 07:23:00,M003,ON,Bathroom
2026-02-18 07:51:00,M002,ON,Breakfast
2026-02-18 08:22:00,D001,OPEN,Leave_Home
2026-02-18 09:05:00,M004,ON,Daily_Activity
2026-02-18 09:10:00,D001,OPEN,Daily_Activity
2026-02-18 09:24:00,D001,OPEN,Daily_Activity
2026-02-18 09:39:00,M003,ON,Daily_Activity
2026-02-18 10:00:00,M002,ON,Daily_Activity
2026-02-18 10:01:00,M002,ON,Daily_Activity
2026-02-18 10:02:00,D001,OPEN,Daily_Activity
2026-02-18 10:51:00,M003,ON,Daily_Activity
2026-02-18 11:05:00,M004,ON,Daily_Activity
2026-02-18 11:17:00,M004,ON,Daily_Activity
2026-02-18 11:22:00,M003,ON,Daily_Activity
2026-02-18 12:08:00,M003,ON,Daily_Activity
2026-02-18 12:41:00,M003,ON,Daily_Activity
2026-02-18 12:57:00,D001,OPEN,Daily_Activity
2026-02-18 14:58:00,M004,ON,Daily_Activity
2026-02-18 15:08:00,D001,OPEN,Daily_Activity
2026-02-18 15:23:00,M002,ON,Daily_Activity
2026-02-18 15:50:00,M004,ON,Daily_Activity
2026-02-18 15:56:00,D001,OPEN,Daily_Activity
2026-02-18 16:34:00,D001,OPEN,Daily_Activity
2026-02-18 16:56:00,M003,ON,Daily_Activity
2026-02-18 18:37:00,M004,ON,Daily_Activity
2026-02-18 19:18:00,D001,OPEN,Daily_Activity
2026-02-18 19:51:00,M002,ON,Daily_Activity
2026-02-18 20:25:00,D001,OPEN,Daily_Activity
2026-02-18 21:32:00,M004,ON,Relax
2026-02-18 22:28:00,M001,ON,Sleep
2026-02-19 07:07:00,M001,ON,Wake_Up
2026-02-19 07:20:00,M003,ON,Bathroom
2026-02-19 07:55:00,M002,ON,Breakfast
2026-02-19 08:24:00,D001,OPEN,Leave_Home
2026-02-19 09:14:00,M003,ON,Daily_Activity
2026-02-19 09:21:00,M003,ON,Daily_Activity
2026-02-19 09:33:00,D001,OPEN,Daily_Activity
2026-02-19 09:51:00,D001,OPEN,Daily_Activity
2026-02-19 10:23:00,D001,OPEN,Daily_Activity
2026-02-19 10:54:00,M004,ON,Daily_Activity
2026-02-19 11:06:00,M003,ON,Daily_Activity
2026-02-19 11:15:00,M004,ON,Daily_Activity
2026-02-19 11:21:00,M003,ON,Daily_Activity
2026-02-19 11:37:00,M003,ON,Daily_Activity
2026-02-19 12:01:00,M004,ON,Daily_Activity
2026-02-19 12:36:00,D001,OPEN,Daily_Activity
2026-02-19 13:20:00,M003,ON,Daily_Activity
2026-02-19 14:03:00,M002,ON,Daily_Activity
2026-02-19 14:59:00,M003,ON,Daily_Activity
2026-02-19 16:02:00,M002,ON,Daily_Activity
2026-02-19 17:19:00,M003,ON,Daily_Activity
2026-02-19 17:22:00,M003,ON,Daily_Activity
2026-02-19 17:52:00,M002,ON,Daily_Activity
2026-02-19 18:01:00,M004,ON,Daily_Activity
2026-02-19 18:06:00,M004,ON,Daily_Activity
2026-02-19 18:12:00,D001,OPEN,Daily_Activity
2026-02-19 18:36:00,M003,ON,Daily_Activity
2026-02-19 19:15:00,M004,ON,Daily_Activity
2026-02-19 20:44:00,M004,ON,Daily_Activity
2026-02-19 21:25:00,M004,ON,Relax
2026-02-19 22:33:00,M001,ON,Sleep
2026-02-20 00:03:00,M003,ON,Night_Movement
2026-02-20 00:04:00,M003,ON,Night_Movement
2026-02-20 00:27:00,M001,ON,Night_Movement
2026-02-20 01:03:00,M001,ON,Night_Movement
2026-02-20 01:03:00,M003,ON,Night_Movement
2026-02-20 01:46:00,M001,ON,Night_Movement
2026-02-20 01:56:00,M003,ON,Night_Movement
2026-02-20 02:13:00,M001,ON,Night_Movement
2026-02-20 02:19:00,M001,ON,Night_Movement
2026-02-20 02:38:00,M004,ON,Night_Movement
2026-02-20 02:52:00,M004,ON,Night_Movement
2026-02-20 03:41:00,M001,ON,Night_Movement
2026-02-20 03:44:00,M004,ON,Night_Movement
2026-02-20 03:45:00,M001,ON,Night_Movement
2026-02-20 04:16:00,M004,ON,Night_Movement
2026-02-20 04:35:00,M003,ON,Night_Movement
2026-02-20 04:56:00,M003,ON,Night_Movement
2026-02-20 04:57:00,M001,ON,Night_Movement
2026-02-20 07:15:00,M001,ON,Wake_Up
2026-02-20 07:27:00,M003,ON,Bathroom
2026-02-20 08:00:00,M002,ON,Breakfast
2026-02-20 08:20:00,D001,OPEN,Leave_Home
2026-02-20 09:18:00,M002,ON,Daily_Activity
2026-02-20 10:53:00,D001,OPEN,Daily_Activity
2026-02-20 11:11:00,M002,ON,Daily_Activity
2026-02-20 11:28:00,M002,ON,Daily_Activity
2026-02-20 11:45:00,M004,ON,Daily_Activity
2026-02-20 11:56:00,D001,OPEN,Daily_Activity
2026-02-20 12:15:00,M002,ON,Daily_Activity
2026-02-20 12:42:00,M003,ON,Daily_Activity
2026-02-20 14:16:00,M002,ON,Daily_Activity
2026-02-20 14:20:00,M003,ON,Daily_Activity
2026-02-20 14:34:00,D001,OPEN,Daily_Activity
2026-02-20 15:19:00,M004,ON,Daily_Activity
2026-02-20 15:28:00,D001,OPEN,Daily_Activity
2026-02-20 16:00:00,M004,ON,Daily_Activity
2026-02-20 16:09:00,M004,ON,Daily_Activity
2026-02-20 16:56:00,D001,OPEN,Daily_Activity
2026-02-20 18:02:00,M003,ON,Daily_Activity
2026-02-20 18:20:00,M003,ON,Daily_Activity
2026-02-20 18:41:00,M003,ON,Daily_Activity
2026-02-20 19:36:00,M002,ON,Daily_Activity
2026-02-20 19:56:00,M002,ON,Daily_Activity
2026-02-20 20:00:00,M002,ON,Daily_Activity
2026-02-20 20:04:00,M003,ON,Daily_Activity
2026-02-20 20:36:00,D001,OPEN,Daily_Activity
2026-02-20 20:42:00,M004,ON,Daily_Activity
2026-02-20 21:30:00,M004,ON,Relax
2026-02-20 22:28:00,M001,ON,Sleep
2026-02-21 07:15:00,M001,ON,Wake_Up
2026-02-21 07:29:00,M003,ON,Bathroom
2026-02-21 07:57:00,M002,ON,Breakfast
2026-02-21 08:18:00,D001,OPEN,Leave_Home
2026-02-21 09:16:00,D001,OPEN,Daily_Activity
2026-02-21 10:01:00,M003,ON,Daily_Activity
2026-02-21 10:30:00,M002,ON,Daily_Activity
2026-02-21 10:41:00,D001,OPEN,Daily_Activity
2026-02-21 10:42:00,M004,ON,Daily_Activity
2026-02-21 10:48:00,D001,OPEN,Daily_Activity
2026-02-21 11:10:00,M003,ON,Daily_Activity
2026-02-21 11:23:00,D001,OPEN,Daily_Activity
2026-02-21 11:40:00,M004,ON,Daily_Activity
2026-02-21 11:48:00,M002,ON,Daily_Activity
2026-02-21 12:08:00,M002,ON,Daily_Activity
2026-02-21 12:52:00,M003,ON,Daily_Activity
2026-02-21 13:36:00,M002,ON,Daily_Activity
2026-02-21 13:50:00,D001,OPEN,Daily_Activity
2026-02-21 14:11:00,D001,OPEN,Daily_Activity
2026-02-21 15:05:00,D001,OPEN,Daily_Activity
2026-02-21 15:57:00,M002,ON,Daily_Activity
2026-02-21 16:16:00,M003,ON,Daily_Activity
2026-02-21 16:19:00,M002,ON,Daily_Activity
2026-02-21 16:31:00,M004,ON,Daily_Activity
2026-02-21 17:03:00,D001,OPEN,Daily_Activity
2026-02-21 17:26:00,M003,ON,Daily_Activity
2026-02-21 17:26:00,D001,OPEN,Daily_Activity
2026-02-21 17:36:00,M003,ON,Daily_Activity
2026-02-21 18:56:00,M003,ON,Daily_Activity
2026-02-21 21:39:00,M004,ON,Relax
2026-02-21 22:28:00,M001,ON,Sleep
2026-02-22 07:10:00,M001,ON,Wake_Up
2026-02-22 07:21:00,M003,ON,Bathroom
2026-02-22 07:51:00,M002,ON,Breakfast
2026-02-22 08:21:00,D001,OPEN,Leave_Home
2026-02-22 09:11:00,M004,ON,Daily_Activity
2026-02-22 09:25:00,M004,ON,Daily_Activity
2026-02-22 09:32:00,M003,ON,Daily_Activity
2026-02-22 09:50:00,D001,OPEN,Daily_Activity
2026-02-22 10:26:00,M003,ON,Daily_Activity
2026-02-22 10:36:00,M002,ON,Daily_Activity
2026-02-22 11:36:00,M002,ON,Daily_Activity
2026-02-22 12:08:00,M004,ON,Daily_Activity
2026-02-22 12:28:00,M003,ON,Daily_Activity
2026-02-22 13:19:00,M004,ON,Daily_Activity
2026-02-22 13:33:00,D001,OPEN,Daily_Activity
2026-02-22 13:46:00,D001,OPEN,Daily_Activity
2026-02-22 13:55:00,M004,ON,Daily_Activity
2026-02-22 14:01:00,M004,ON,Daily_Activity
2026-02-22 15:09:00,D001,OPEN,Daily_Activity
2026-02-22 15:16:00,D001,OPEN,Daily_Activity
2026-02-22 15:47:00,D001,OPEN,Daily_Activity
2026-02-22 16:54:00,M002,ON,Daily_Activity
2026-02-22 17:25:00,M004,ON,Daily_Activity
2026-02-22 17:55:00,M004,ON,Daily_Activity
2026-02-22 18:41:00,M002,ON,Daily_Activity
2026-02-22 19:31:00,D001,OPEN,Daily_Activity
2026-02-22 20:15:00,M002,ON,Daily_Activity
2026-02-22 20:28:00,M004,ON,Daily_Activity
2026-02-22 20:30:00,M004,ON,Daily_Activity
2026-02-22 21:22:00,M004,ON,Relax
2026-02-22 22:29:00,M001,ON,Sleep
2026-02-23 07:13:00,M001,ON,Wake_Up
2026-02-23 07:26:00,M003,ON,Bathroom
2026-02-23 07:52:00,M002,ON,Breakfast
2026-02-23 08:23:00,D001,OPEN,Leave_Home
2026-02-23 09:10:00,M003,ON,Daily_Activity
2026-02-23 09:15:00,M002,ON,Daily_Activity
2026-02-23 11:41:00,M003,ON,Daily_Activity
2026-02-23 11:55:00,D001,OPEN,Daily_Activity
2026-02-23 12:16:00,M004,ON,Daily_Activity
2026-02-23 12:41:00,M003,ON,Daily_Activity
2026-02-23 12:56:00,M003,ON,Daily_Activity
2026-02-23 13:01:00,D001,OPEN,Daily_Activity
2026-02-23 14:10:00,M004,ON,Daily_Activity
2026-02-23 14:29:00,M004,ON,Daily_Activity
2026-02-23 14:31:00,D001,OPEN,Daily_Activity
2026-02-23 14:52:00,D001,OPEN,Daily_Activity
2026-02-23 15:57:00,D001,OPEN,Daily_Activity
2026-02-23 16:03:00,M004,ON,Daily_Activity
2026-02-23 17:25:00,M002,ON,Daily_Activity
2026-02-23 18:01:00,M003,ON,Daily_Activity
2026-02-23 18:35:00,M004,ON,Daily_Activity
2026-02-23 18:51:00,M002,ON,Daily_Activity
2026-02-23 19:00:00,D001,OPEN,Daily_Activity
2026-02-23 19:01:00,M003,ON,Daily_Activity
2026-02-23 19:13:00,M004,ON,Daily_Activity
2026-02-23 19:26:00,M002,ON,Daily_Activity
2026-02-23 20:12:00,M004,ON,Daily_Activity
2026-02-23 20:45:00,M004,ON,Daily_Activity
2026-02-23 20:53:00,M002,ON,Daily_Activity
2026-02-23 21:26:00,M004,ON,Relax
2026-02-23 22:34:00,M001,ON,Sleep
2026-02-24 07:09:00,M001,ON,Wake_Up
2026-02-24 07:30:00,M003,ON,Bathroom
2026-02-24 07:58:00,M002,ON,Breakfast
2026-02-24 08:24:00,D001,OPEN,Leave_Home
2026-02-24 09:32:00,M004,ON,Daily_Activity
2026-02-24 09:51:00,D001,OPEN,Daily_Activity
2026-02-24 11:47:00,M004,ON,Daily_Activity
2026-02-24 11:53:00,M003,ON,Daily_Activity
2026-02-24 12:09:00,M003,ON,Daily_Activity
2026-02-24 13:06:00,D001,OPEN,Daily_Activity
2026-02-24 13:16:00,D001,OPEN,Daily_Activity
2026-02-24 13:16:00,M004,ON,Daily_Activity
2026-02-24 13:40:00,M004,ON,Daily_Activity
2026-02-24 13:43:00,M002,ON,Daily_Activity
2026-02-24 14:14:00,M004,ON,Daily_Activity
2026-02-24 14:46:00,M003,ON,Daily_Activity
2026-02-24 15:24:00,M002,ON,Daily_Activity
2026-02-24 15:37:00,M002,ON,Daily_Activity
2026-02-24 15:50:00,M004,ON,Daily_Activity
2026-02-24 16:04:00,M004,ON,Daily_Activity
2026-02-24 17:41:00,M004,ON,Daily_Activity
2026-02-24 18:45:00,M003,ON,Daily_Activity
2026-02-24 19:05:00,M003,ON,Daily_Activity
2026-02-24 19:20:00,M003,ON,Daily_Activity
2026-02-24 19:22:00,M004,ON,Daily_Activity
2026-02-24 19:34:00,D001,OPEN,Daily_Activity
2026-02-24 19:57:00,M004,ON,Daily_Activity
2026-02-24 20:01:00,D001,OPEN,Daily_Activity
2026-02-24 20:51:00,M003,ON,Daily_Activity
2026-02-24 21:31:00,M004,ON,Relax
2026-02-24 22:28:00,M001,ON,Sleep
2026-02-25 07:14:00,M001,ON,Wake_Up
2026-02-25 09:02:00,M003,ON,Daily_Activity
2026-02-25 09:43:00,M002,ON,Daily_Activity
2026-02-25 09:55:00,M003,ON,Daily_Activity
2026-02-25 10:31:00,M004,ON,Daily_Activity
2026-02-25 11:12:00,M004,ON,Daily_Activity
2026-02-25 11:20:00,M003,ON,Daily_Activity
2026-02-25 11:36:00,M003,ON,Daily_Activity
2026-02-25 11:39:00,D001,OPEN,Daily_Activity
2026-02-25 12:44:00,M004,ON,Daily_Activity
2026-02-25 13:08:00,M002,ON,Daily_Activity
2026-02-25 13:29:00,M002,ON,Daily_Activity
2026-02-25 14:48:00,M003,ON,Daily_Activity
2026-02-25 15:30:00,D001,OPEN,Daily_Activity
2026-02-25 15:36:00,D001,OPEN,Daily_Activity
2026-02-25 16:03:00,M002,ON,Daily_Activity
2026-02-25 16:17:00,M003,ON,Daily_Activity
2026-02-25 16:50:00,M002,ON,Daily_Activity
2026-02-25 16:56:00,M003,ON,Daily_Activity
2026-02-25 17:07:00,D001,OPEN,Daily_Activity
2026-02-25 17:19:00,D001,OPEN,Daily_Activity
2026-02-25 19:03:00,M002,ON,Daily_Activity
2026-02-25 19:11:00,M004,ON,Daily_Activity
2026-02-25 19:27:00,D001,OPEN,Daily_Activity
2026-02-25 19:46:00,M003,ON,Daily_Activity
2026-02-25 20:23:00,M002,ON,Daily_Activity
2026-02-25 21:32:00,M004,ON,Relax
2026-02-25 22:36:00,M001,ON,Sleep
2026-02-26 07:14:00,M001,ON,Wake_Up
2026-02-26 07:24:00,M003,ON,Bathroom
2026-02-26 07:52:00,M002,ON,Breakfast
2026-02-26 08:16:00,D001,OPEN,Leave_Home
2026-02-26 09:14:00,M003,ON,Daily_Activity
2026-02-26 09:19:00,M004,ON,Daily_Activity
2026-02-26 09:44:00,M002,ON,Daily_Activity
2026-02-26 10:23:00,M002,ON,Daily_Activity
2026-02-26 10:35:00,M004,ON,Daily_Activity
2026-02-26 11:58:00,D001,OPEN,Daily_Activity
2026-02-26 12:44:00,M002,ON,Daily_Activity
2026-02-26 13:07:00,M002,ON,Daily_Activity
2026-02-26 13:26:00,M002,ON,Daily_Activity
2026-02-26 14:48:00,M003,ON,Daily_Activity
2026-02-26 14:57:00,D001,OPEN,Daily_Activity
2026-02-26 15:28:00,D001,OPEN,Daily_Activity
2026-02-26 15:53:00,M002,ON,Daily_Activity
2026-02-26 15:56:00,M004,ON,Daily_Activity
2026-02-26 15:56:00,M003,ON,Daily_Activity
2026-02-26 16:44:00,M003,ON,Daily_Activity
2026-02-26 16:46:00,M004,ON,Daily_Activity
2026-02-26 17:39:00,M002,ON,Daily_Activity
2026-02-26 17:46:00,M002,ON,Daily_Activity
2026-02-26 18:03:00,M002,ON,Daily_Activity
2026-02-26 18:38:00,M003,ON,Daily_Activity
2026-02-26 19:33:00,M004,ON,Daily_Activity
2026-02-26 19:53:00,M002,ON,Daily_Activity
2026-02-26 20:01:00,M003,ON,Daily_Activity
2026-02-26 20:08:00,M003,ON,Daily_Activity
2026-02-26 21:35:00,M004,ON,Relax
2026-02-26 22:26:00,M001,ON,Sleep
2026-02-27 07:14:00,M001,ON,Wake_Up
2026-02-27 07:23:00,M003,ON,Bathroom
2026-02-27 07:54:00,M002,ON,Breakfast
2026-02-27 08:23:00,D001,OPEN,Leave_Home
2026-02-27 09:42:00,M002,ON,Daily_Activity
2026-02-27 09:54:00,M003,ON,Daily_Activity
2026-02-27 10:53:00,D001,OPEN,Daily_Activity
2026-02-27 10:54:00,M002,ON,Daily_Activity
2026-02-27 11:05:00,M002,ON,Daily_Activity
2026-02-27 11:07:00,D001,OPEN,Daily_Activity
2026-02-27 11:55:00,M002,ON,Daily_Activity
2026-02-27 12:22:00,D001,OPEN,Daily_Activity
2026-02-27 13:10:00,M002,ON,Daily_Activity
2026-02-27 13:23:00,M004,ON,Daily_Activity
2026-02-27 13:41:00,M003,ON,Daily_Activity
2026-02-27 14:15:00,M002,ON,Daily_Activity
2026-02-27 14:22:00,D001,OPEN,Daily_Activity
2026-02-27 14:52:00,M004,ON,Daily_Activity
2026-02-27 15:29:00,M004,ON,Daily_Activity
2026-02-27 15:41:00,M003,ON,Daily_Activity
2026-02-27 15:44:00,D001,OPEN,Daily_Activity
2026-02-27 15:47:00,M002,ON,Daily_Activity
2026-02-27 16:03:00,M002,ON,Daily_Activity
2026-02-27 16:18:00,M004,ON,Daily_Activity
2026-02-27 17:31:00,M003,ON,Daily_Activity
2026-02-27 18:17:00,M002,ON,Daily_Activity
2026-02-27 19:41:00,M003,ON,Daily_Activity
2026-02-27 20:46:00,M002,ON,Daily_Activity
2026-02-27 20:59:00,D001,OPEN,Daily_Activity
2026-02-27 21:23:00,M004,ON,Relax
2026-02-27 22:24:00,M001,ON,Sleep
2026-02-28 12:00:00,M004,ON,Unknown
2026-03-01 07:05:00,M001,ON,Wake_Up
2026-03-01 07:22:00,M003,ON,Bathroom
2026-03-01 07:51:00,M002,ON,Breakfast
2026-03-01 08:21:00,D001,OPEN,Leave_Home
2026-03-01 09:41:00,M003,ON,Daily_Activity
2026-03-01 09:45:00,M003,ON,Daily_Activity
2026-03-01 10:29:00,D001,OPEN,Daily_Activity
2026-03-01 10:48:00,D001,OPEN,Daily_Activity
2026-03-01 10:56:00,D001,OPEN,Daily_Activity
2026-03-01 11:39:00,D001,OPEN,Daily_Activity
2026-03-01 11:53:00,M002,ON,Daily_Activity
2026-03-01 13:03:00,M003,ON,Daily_Activity
2026-03-01 13:41:00,M004,ON,Daily_Activity
2026-03-01 14:15:00,M004,ON,Daily_Activity
2026-03-01 14:39:00,M002,ON,Daily_Activity
2026-03-01 15:42:00,M003,ON,Daily_Activity
2026-03-01 15:52:00,M003,ON,Daily_Activity
2026-03-01 16:02:00,M002,ON,Daily_Activity
2026-03-01 16:22:00,D001,OPEN,Daily_Activity
2026-03-01 16:28:00,M004,ON,Daily_Activity
2026-03-01 16:55:00,M003,ON,Daily_Activity
2026-03-01 16:58:00,D001,OPEN,Daily_Activity
2026-03-01 17:33:00,M002,ON,Daily_Activity
2026-03-01 17:41:00,D001,OPEN,Daily_Activity
2026-03-01 17:54:00,D001,OPEN,Daily_Activity
2026-03-01 18:28:00,M002,ON,Daily_Activity
2026-03-01 18:30:00,D001,OPEN,Daily_Activity
2026-03-01 19:55:00,M004,ON,Daily_Activity
2026-03-01 19:56:00,M003,ON,Daily_Activity
2026-03-01 21:23:00,M004,ON,Relax
2026-03-01 22:35:00,M001,ON,Sleep
